spec_title,spec_rating,instructor_name,instructor_expertise,course_name,course_final_deadline,week_number,week_soft_deadline,week_hard_deadline,review_author,review_rating,review_text
Specialization: Technical author,4.7,Mr. Kyle Wright,Expedite 24/365 systems,Course: Switchable zero tolerance frame,2027-06-05T20:35:28.741458,2,2027-04-20T20:35:28.741458,2027-04-22T20:35:28.741458,johnsonlauren,5,Environment song learn successful child foreign so whether scientist adult environmental.
"Specialization: Administrator, sports",4.8,David Conner,Orchestrate seamless methodologies,Course: Diverse systematic firmware,2026-09-28T23:22:42.748891,1,2026-08-06T23:22:42.748891,2026-08-08T23:22:42.748891,efletcher,5,Red together him magazine begin ball item.
"Specialization: Administrator, charities/voluntary organisations",4.5,Jack Ward,Integrate interactive e-commerce,Course: Configurable upward-trending encryption,2026-10-23T02:24:38.426319,1,2026-08-31T02:24:38.426319,2026-09-02T02:24:38.426319,evan51,5,Note view during TV face.
"Specialization: Engineer, biomedical",4.4,Eric Burton,Extend cutting-edge bandwidth,Course: Innovative executive artificial intelligence,2026-09-30T19:38:26.082040,1,2026-08-08T19:38:26.082040,2026-08-10T19:38:26.082040,promero,3,Music law safe manager sea call director seem chance program.
Specialization: Dietitian,4.3,Jonathan Petersen,Generate magnetic models,Course: Self-enabling secondary leverage,2027-05-09T15:28:48.386373,1,2027-03-17T15:28:48.386373,2027-03-19T15:28:48.386373,jreynolds,5,From state side cost all above second fly office.
"Specialization: Administrator, charities/voluntary organisations",4.5,Taylor Gray,Evolve bricks-and-clicks markets,Course: User-centric bandwidth-monitored focus group,2027-03-20T14:06:21.412209,4,2027-02-16T14:06:21.412209,2027-02-18T14:06:21.412209,derrickjackson,4,Anyone rock study none decade event put member environmental single.
Specialization: Technical author,4.7,Robert Pace,Target synergistic schemas,Course: Right-sized empowering array,2026-07-23T07:26:22.786982,3,2026-06-14T07:26:22.786982,2026-06-16T07:26:22.786982,jonathonclay,5,Executive ground on already cultural letter hear nor pretty would.
Specialization: Air traffic controller,4.3,Christopher Turner,Brand world-class vortals,Course: Optimized background productivity,2026-06-23T06:18:36.953361,4,2026-05-22T06:18:36.953361,2026-05-24T06:18:36.953361,paul67,4,Career black TV happen summer.
"Specialization: Therapist, occupational",4.9,Martha Thompson,Scale revolutionary metrics,Course: Profit-focused cohesive paradigm,2026-11-26T14:15:27.366700,3,2026-10-18T14:15:27.366700,2026-10-20T14:15:27.366700,robertsanchez,5,Democratic add both course information add thing.
Specialization: Technical author,4.7,Mr. Kyle Wright,Expedite 24/365 systems,Course: Ergonomic empowering initiative,2027-01-24T12:11:43.045341,1,2026-12-02T12:11:43.045341,2026-12-04T12:11:43.045341,nicole56,5,Theory car company go page.
"Specialization: Engineer, biomedical",4.4,Eric Burton,Extend cutting-edge bandwidth,Course: Innovative executive artificial intelligence,2026-09-30T19:38:26.082040,3,2026-08-22T19:38:26.082040,2026-08-24T19:38:26.082040,angela76,2,Never employee how language task mean break church alone.
"Specialization: Teacher, music",4.0,Madison Burnett,Expedite web-enabled networks,Course: Front-line leadingedge hub,2026-11-30T01:22:19.900793,4,2026-10-29T01:22:19.900793,2026-10-31T01:22:19.900793,paul09,5,Mean those health know often science.
Specialization: Air traffic controller,4.3,John Contreras,Embrace bleeding-edge deliverables,Course: Upgradable 24/7 circuit,2026-08-26T11:10:41.091448,1,2026-07-04T11:10:41.091448,2026-07-06T11:10:41.091448,michaelbenton,5,Economic two from half owner.
"Specialization: Engineer, biomedical",4.4,Dana King,Streamline distributed technologies,Course: Innovative executive artificial intelligence,2026-09-30T19:38:26.082040,4,2026-08-29T19:38:26.082040,2026-08-31T19:38:26.082040,jbarnett,2,Guy everyone most site per seven benefit bill.
"Specialization: Designer, multimedia",4.3,Sarah Hodges,Deliver viral deliverables,Course: Decentralized scalable encoding,2027-01-27T13:25:12.962480,1,2026-12-05T13:25:12.962480,2026-12-07T13:25:12.962480,kathymalone,5,Small such energy personal despite civil let eight.
"Specialization: Teacher, music",4.0,David Robinson,Enable scalable portals,Course: User-centric homogeneous Graphical User Interface,2027-05-29T21:23:32.799574,4,2027-04-27T21:23:32.799574,2027-04-29T21:23:32.799574,ericagardner,5,Including subject understand chair seek here.
Specialization: Technical author,4.7,Misty Ingram,Architect bricks-and-clicks schemas,Course: Horizontal fault-tolerant functionalities,2026-07-19T17:37:56.213248,4,2026-06-17T17:37:56.213248,2026-06-19T17:37:56.213248,katherine41,5,Would order reason way clear anything ten unit.
Specialization: Air traffic controller,4.3,John Contreras,Embrace bleeding-edge deliverables,Course: Upgradable 24/7 circuit,2026-08-26T11:10:41.091448,2,2026-07-11T11:10:41.091448,2026-07-13T11:10:41.091448,grahamtommy,3,Life plan buy than gas fire stay support weight.
"Specialization: Designer, multimedia",4.3,Sarah Hodges,Deliver viral deliverables,Course: Fully-configurable modular synergy,2026-11-11T14:37:53.387493,1,2026-09-19T14:37:53.387493,2026-09-21T14:37:53.387493,doylekathleen,5,Lawyer job raise figure actually author compare management.
"Specialization: Therapist, occupational",4.9,Paula Harvey,Synergize e-business networks,Course: Profit-focused cohesive paradigm,2026-11-26T14:15:27.366700,1,2026-10-04T14:15:27.366700,2026-10-06T14:15:27.366700,stewartcraig,3,Meet including someone development organization bag.
"Specialization: Therapist, occupational",4.9,Jennifer Roberts,Harness robust technologies,Course: Streamlined disintermediate projection,2026-07-26T04:32:26.342112,3,2026-06-17T04:32:26.342112,2026-06-19T04:32:26.342112,uliu,4,Special sing majority painting how.
"Specialization: Engineer, aeronautical",4.9,Richard Crawford,Transform intuitive bandwidth,Course: Fully-configurable 5thgeneration instruction set,2027-06-03T04:07:33.474432,4,2027-05-02T04:07:33.474432,2027-05-04T04:07:33.474432,richardwolf,2,Free month knowledge fear contain between fish floor effect.
Specialization: Radio producer,4.0,Michael Roberts,Engage strategic convergence,Course: Optimized 6thgeneration capability,2027-01-14T13:51:31.935845,4,2026-12-13T13:51:31.935845,2026-12-15T13:51:31.935845,jennifer07,2,Real away area national social check husband reflect too.
Specialization: Technical author,4.7,Julia Chambers,Transform efficient e-business,Course: Enterprise-wide modular migration,2026-06-07T22:14:54.030176,4,2026-05-06T22:14:54.030176,2026-05-08T22:14:54.030176,kyle42,5,Can treatment big arrive type land feel.
"Specialization: Administrator, sports",4.8,David Conner,Orchestrate seamless methodologies,Course: Diverse systematic firmware,2026-09-28T23:22:42.748891,3,2026-08-20T23:22:42.748891,2026-08-22T23:22:42.748891,danielle04,5,Common last song someone factor meet company sea edge reach.
Specialization: Secondary school teacher,4.0,Christopher Smith,Empower mission-critical networks,Course: Compatible empowering matrices,2027-02-22T16:09:07.853571,1,2026-12-31T16:09:07.853571,2027-01-02T16:09:07.853571,williamdominguez,5,Head risk bank until notice.
Specialization: Operational researcher,4.0,Anthony Reynolds,Drive bricks-and-clicks architectures,Course: Face-to-face solution-oriented strategy,2026-10-28T13:26:28.046057,3,2026-09-19T13:26:28.046057,2026-09-21T13:26:28.046057,james46,3,Anything bar hotel dinner figure memory sing behind bit future.
"Specialization: Teacher, music",4.0,David Robinson,Enable scalable portals,Course: Reduced composite application,2027-03-16T21:37:40.075731,2,2027-01-29T21:37:40.075731,2027-01-31T21:37:40.075731,hhernandez,5,Agreement per best want until time order property project.
"Specialization: Administrator, sports",4.8,Katherine Clayton,Seize 24/365 channels,Course: Quality-focused modular Internet solution,2027-03-22T00:38:28.365666,1,2027-01-28T00:38:28.365666,2027-01-30T00:38:28.365666,jessicasnyder,5,Decade wrong oil whether poor throughout pass eye.
Specialization: Secondary school teacher,4.0,Chad Bell,Engineer plug-and-play users,Course: Visionary web-enabled complexity,2027-03-10T19:47:19.767566,1,2027-01-16T19:47:19.767566,2027-01-18T19:47:19.767566,rachelsingh,4,Popular it power theory next.
"Specialization: Administrator, charities/voluntary organisations",4.5,Benjamin Aguilar,Envisioneer cross-media eyeballs,Course: Extended attitude-oriented throughput,2026-06-23T23:30:49.193605,1,2026-05-01T23:30:49.193605,2026-05-03T23:30:49.193605,hferguson,4,Ok great baby difficult act will everybody save.
Specialization: Operational researcher,4.0,Jonathan Turner,Optimize strategic deliverables,Course: Ergonomic interactive array,2027-01-20T18:18:34.548171,4,2026-12-19T18:18:34.548171,2026-12-21T18:18:34.548171,kathleentran,5,Participant miss trade seek rather join huge nothing north yeah.
"Specialization: Teacher, music",4.0,Madison Burnett,Expedite web-enabled networks,Course: User-centric homogeneous Graphical User Interface,2027-05-29T21:23:32.799574,1,2027-04-06T21:23:32.799574,2027-04-08T21:23:32.799574,bayers,5,Machine him environment build the.
Specialization: Radio producer,4.0,Michael Roberts,Engage strategic convergence,Course: Cross-group leadingedge matrices,2026-07-20T04:25:03.863422,2,2026-06-04T04:25:03.863422,2026-06-06T04:25:03.863422,timothyaustin,4,Provide something rest list for create environment money.
"Specialization: Administrator, sports",4.8,David Conner,Orchestrate seamless methodologies,Course: Diverse systematic firmware,2026-09-28T23:22:42.748891,2,2026-08-13T23:22:42.748891,2026-08-15T23:22:42.748891,heatherherrera,5,Stuff trip knowledge adult upon.
Specialization: Air traffic controller,4.3,Sheila Myers,Incubate interactive methodologies,Course: Optimized background productivity,2026-06-23T06:18:36.953361,1,2026-05-01T06:18:36.953361,2026-05-03T06:18:36.953361,taylor79,5,Treatment carry tough offer movie half.
Specialization: Secondary school teacher,4.0,Christian Smith,Implement ubiquitous solutions,Course: Pre-emptive regional website,2027-02-08T01:47:30.641886,1,2026-12-17T01:47:30.641886,2026-12-19T01:47:30.641886,johnstonkeith,4,Begin heavy establish tonight nice surface from require ever.
Specialization: Radio producer,4.0,Erin Rogers,Envisioneer scalable roi,Course: Cross-group leadingedge matrices,2026-07-20T04:25:03.863422,2,2026-06-04T04:25:03.863422,2026-06-06T04:25:03.863422,markwalters,5,Color change dog help in growth meeting.
Specialization: Air traffic controller,4.3,Christopher Turner,Brand world-class vortals,Course: Optimized 3rdgeneration orchestration,2027-04-14T08:01:14.482131,1,2027-02-20T08:01:14.482131,2027-02-22T08:01:14.482131,erikagarza,4,Certain should general reflect decade.
Specialization: Operational researcher,4.0,Anthony Reynolds,Drive bricks-and-clicks architectures,Course: Down-sized user-facing moratorium,2027-05-29T04:43:38.341757,3,2027-04-20T04:43:38.341757,2027-04-22T04:43:38.341757,ericrogers,4,Vote hold standard structure town Democrat point address.
"Specialization: Designer, multimedia",4.3,Patricia King,Extend innovative roi,Course: Decentralized scalable encoding,2027-01-27T13:25:12.962480,1,2026-12-05T13:25:12.962480,2026-12-07T13:25:12.962480,michael49,5,Picture only own official industry president indeed eight effort music.
"Specialization: Designer, multimedia",4.3,Sarah Hodges,Deliver viral deliverables,Course: Fully-configurable modular synergy,2026-11-11T14:37:53.387493,4,2026-10-10T14:37:53.387493,2026-10-12T14:37:53.387493,kayla05,5,Six case road their benefit on quality attention official.
Specialization: Air traffic controller,4.3,John Contreras,Embrace bleeding-edge deliverables,Course: Upgradable 24/7 circuit,2026-08-26T11:10:41.091448,4,2026-07-25T11:10:41.091448,2026-07-27T11:10:41.091448,brandon09,5,Call writer picture strong team friend.
Specialization: Air traffic controller,4.3,Dana Phillips,Strategize interactive schemas,Course: Upgradable 24/7 circuit,2026-08-26T11:10:41.091448,4,2026-07-25T11:10:41.091448,2026-07-27T11:10:41.091448,maciasmichael,5,We plant state choice partner artist start charge risk toward.
"Specialization: Engineer, biomedical",4.4,David Johnson,Syndicate integrated functionalities,Course: Down-sized transitional moderator,2026-10-21T10:40:55.025889,3,2026-09-12T10:40:55.025889,2026-09-14T10:40:55.025889,amendoza,5,Management experience level film behavior whatever.
Specialization: Radio producer,4.0,John Trujillo,Morph sticky networks,Course: Extended upward-trending adapter,2026-10-22T02:21:50.998900,1,2026-08-30T02:21:50.998900,2026-09-01T02:21:50.998900,jennifer19,5,Add military stuff back year.
Specialization: Dietitian,4.3,Jonathan Petersen,Generate magnetic models,Course: Down-sized fault-tolerant moderator,2027-02-17T00:30:49.249726,2,2027-01-02T00:30:49.249726,2027-01-04T00:30:49.249726,dianathomas,4,Suddenly war find read big argue nor minute right take.
"Specialization: Engineer, biomedical",4.4,Erik Randolph,Disintermediate interactive models,Course: Re-engineered discrete solution,2026-11-30T09:19:19.112211,3,2026-10-22T09:19:19.112211,2026-10-24T09:19:19.112211,nataliemiller,5,Well reason option choice music partner open security camera.
Specialization: Dietitian,4.3,Austin Green,Engage cross-platform architectures,Course: Distributed next generation matrices,2027-05-12T00:22:29.369155,3,2027-04-03T00:22:29.369155,2027-04-05T00:22:29.369155,judy92,5,Treat class history toward affect one interesting and cut worry.
Specialization: Dietitian,4.3,Jonathan Petersen,Generate magnetic models,Course: Down-sized fault-tolerant moderator,2027-02-17T00:30:49.249726,1,2026-12-26T00:30:49.249726,2026-12-28T00:30:49.249726,paul84,4,Still ground this loss industry word skin.
Specialization: Technical author,4.7,Robert Pace,Target synergistic schemas,Course: Enterprise-wide modular migration,2026-06-07T22:14:54.030176,1,2026-04-15T22:14:54.030176,2026-04-17T22:14:54.030176,riveracharles,5,Over parent she establish as growth.
Specialization: Air traffic controller,4.3,Christopher Turner,Brand world-class vortals,Course: Optimized background productivity,2026-06-23T06:18:36.953361,3,2026-05-15T06:18:36.953361,2026-05-17T06:18:36.953361,hernandezbrenda,5,Heavy several all road assume next dark court music.
Specialization: Secondary school teacher,4.0,Chad Bell,Engineer plug-and-play users,Course: Pre-emptive regional website,2027-02-08T01:47:30.641886,4,2027-01-07T01:47:30.641886,2027-01-09T01:47:30.641886,sydneybradley,5,Strong quite whom pressure less paper such.
Specialization: Archivist,4.0,David Randall,Evolve dynamic bandwidth,Course: Vision-oriented system-worthy budgetary management,2027-04-06T07:21:20.336422,4,2027-03-05T07:21:20.336422,2027-03-07T07:21:20.336422,susanjackson,5,Role growth tonight others wait conference center them rock social.
"Specialization: Teacher, music",4.0,Jack Jackson,Engineer web-enabled networks,Course: Future-proofed intangible capacity,2027-05-29T17:41:33.233547,3,2027-04-20T17:41:33.233547,2027-04-22T17:41:33.233547,dhammond,5,Red do economy purpose onto too.
Specialization: Secondary school teacher,4.0,Thomas Phillips,Scale plug-and-play synergies,Course: Monitored foreground open system,2026-12-27T01:52:40.503334,2,2026-11-11T01:52:40.503334,2026-11-13T01:52:40.503334,taylor19,5,Represent drug price wear baby listen poor determine not.
Specialization: Dietitian,4.3,Jonathan Petersen,Generate magnetic models,Course: Realigned dedicated workforce,2026-07-26T21:47:20.980752,3,2026-06-17T21:47:20.980752,2026-06-19T21:47:20.980752,edavis,2,Rather may should city fine.
"Specialization: Teacher, music",4.0,David Robinson,Enable scalable portals,Course: Reduced composite application,2027-03-16T21:37:40.075731,2,2027-01-29T21:37:40.075731,2027-01-31T21:37:40.075731,nielsenelizabeth,5,Appear design fly help.
Specialization: Radio producer,4.0,Erin Rogers,Envisioneer scalable roi,Course: Cross-group leadingedge matrices,2026-07-20T04:25:03.863422,4,2026-06-18T04:25:03.863422,2026-06-20T04:25:03.863422,rhowell,5,Read thought spring kid season work.
Specialization: Air traffic controller,4.3,Christopher Turner,Brand world-class vortals,Course: Optimized background productivity,2026-06-23T06:18:36.953361,1,2026-05-01T06:18:36.953361,2026-05-03T06:18:36.953361,lnunez,5,Magazine indeed deep safe room state nothing appear ever.
Specialization: Dietitian,4.3,Jonathan Petersen,Generate magnetic models,Course: Down-sized fault-tolerant moderator,2027-02-17T00:30:49.249726,4,2027-01-16T00:30:49.249726,2027-01-18T00:30:49.249726,charles43,4,Ability require offer the idea feel.
Specialization: Dietitian,4.3,Joseph Adams MD,Evolve extensible architectures,Course: Down-sized fault-tolerant moderator,2027-02-17T00:30:49.249726,1,2026-12-26T00:30:49.249726,2026-12-28T00:30:49.249726,donald51,4,Interesting article fill no might.
"Specialization: Administrator, charities/voluntary organisations",4.5,Jack Ward,Integrate interactive e-commerce,Course: Seamless fresh-thinking challenge,2026-09-05T12:56:25.413265,1,2026-07-14T12:56:25.413265,2026-07-16T12:56:25.413265,timothy15,5,Perform different old blue teacher.
Specialization: Publishing copy,4.2,Brett Mendez,Utilize web-enabled paradigms,Course: Balanced contextually-based alliance,2027-02-20T20:01:08.017504,1,2026-12-29T20:01:08.017504,2026-12-31T20:01:08.017504,gibbschristopher,5,Tax again lay six break instead exist thing practice.
Specialization: Dietitian,4.3,Austin Green,Engage cross-platform architectures,Course: Down-sized fault-tolerant moderator,2027-02-17T00:30:49.249726,3,2027-01-09T00:30:49.249726,2027-01-11T00:30:49.249726,bauertiffany,4,Clear else next race interesting decision.
Specialization: Publishing copy,4.2,Darlene Cordova,Synergize e-business content,Course: Team-oriented methodical website,2026-12-04T08:17:39.160293,4,2026-11-02T08:17:39.160293,2026-11-04T08:17:39.160293,deanavila,5,Particular help understand he total grow bill accept agency.
"Specialization: Administrator, sports",4.8,Adam King,Embrace holistic roi,Course: Upgradable web-enabled capacity,2027-01-14T07:23:04.306601,1,2026-11-22T07:23:04.306601,2026-11-24T07:23:04.306601,omarvelasquez,4,Behind attention spring off anyone she.
"Specialization: Engineer, aeronautical",4.9,Kelly Avery,Scale holistic e-services,Course: Programmable grid-enabled definition,2027-03-03T07:27:12.312718,3,2027-01-23T07:27:12.312718,2027-01-25T07:27:12.312718,uschneider,5,Camera among shake light think address type ball high.
"Specialization: Therapist, occupational",4.9,Shaun Ward,Streamline dynamic platforms,Course: Streamlined disintermediate projection,2026-07-26T04:32:26.342112,3,2026-06-17T04:32:26.342112,2026-06-19T04:32:26.342112,erinthomas,5,Business particular imagine my far trade offer help rock.
"Specialization: Designer, multimedia",4.3,Wyatt Johnson,Leverage next-generation info-mediaries,Course: Triple-buffered exuding migration,2026-06-22T16:18:58.231449,4,2026-05-21T16:18:58.231449,2026-05-23T16:18:58.231449,stran,3,Charge series then bit group sometimes personal wall three industry.
Specialization: Radio producer,4.0,John Trujillo,Morph sticky networks,Course: Extended upward-trending adapter,2026-10-22T02:21:50.998900,3,2026-09-13T02:21:50.998900,2026-09-15T02:21:50.998900,pottermary,5,Kitchen hundred board contain fire whatever country number.
"Specialization: Administrator, charities/voluntary organisations",4.5,Matthew Wagner,Whiteboard plug-and-play partnerships,Course: Extended attitude-oriented throughput,2026-06-23T23:30:49.193605,3,2026-05-15T23:30:49.193605,2026-05-17T23:30:49.193605,iwilson,5,Approach trip usually wonder forward notice industry price.
Specialization: Operational researcher,4.0,Jonathan Turner,Optimize strategic deliverables,Course: Face-to-face solution-oriented strategy,2026-10-28T13:26:28.046057,1,2026-09-05T13:26:28.046057,2026-09-07T13:26:28.046057,ytate,4,Exactly crime say risk visit.
"Specialization: Administrator, sports",4.8,Raymond Kelley,Grow 24/365 e-markets,Course: Upgradable web-enabled capacity,2027-01-14T07:23:04.306601,3,2026-12-06T07:23:04.306601,2026-12-08T07:23:04.306601,tiffanyheath,5,Product see lead enter common term.
"Specialization: Designer, multimedia",4.3,Wyatt Johnson,Leverage next-generation info-mediaries,Course: Stand-alone non-volatile circuit,2026-10-05T13:05:33.657496,1,2026-08-13T13:05:33.657496,2026-08-15T13:05:33.657496,lpeck,5,From cover kitchen page close cause.
"Specialization: Administrator, charities/voluntary organisations",4.5,Taylor Gray,Evolve bricks-and-clicks markets,Course: Profit-focused responsive Graphic Interface,2027-01-10T00:12:44.552448,4,2026-12-09T00:12:44.552448,2026-12-11T00:12:44.552448,morenolinda,5,Skin produce personal west former fund wall car according way.
"Specialization: Engineer, aeronautical",4.9,Jessica Williamson,Revolutionize enterprise architectures,Course: Reduced real-time neural-net,2027-05-07T23:37:35.688586,3,2027-03-29T23:37:35.688586,2027-03-31T23:37:35.688586,rcoleman,5,Between little country blood.
Specialization: Secondary school teacher,4.0,Christian Smith,Implement ubiquitous solutions,Course: Advanced human-resource adapter,2026-06-07T13:00:35.513084,3,2026-04-29T13:00:35.513084,2026-05-01T13:00:35.513084,dana91,4,Listen right later scene magazine agree game often reflect.
Specialization: Publishing copy,4.2,William Duran,Strategize out-of-the-box action-items,Course: Up-sized 6thgeneration paradigm,2026-07-02T05:46:55.077945,2,2026-05-17T05:46:55.077945,2026-05-19T05:46:55.077945,johnsontracy,3,Close safe investment current.
Specialization: Radio producer,4.0,Erin Rogers,Envisioneer scalable roi,Course: Cross-group leadingedge matrices,2026-07-20T04:25:03.863422,1,2026-05-28T04:25:03.863422,2026-05-30T04:25:03.863422,kevin46,5,Water artist important type player special us.
Specialization: Air traffic controller,4.3,Dana Phillips,Strategize interactive schemas,Course: Optimized 3rdgeneration orchestration,2027-04-14T08:01:14.482131,3,2027-03-06T08:01:14.482131,2027-03-08T08:01:14.482131,paul65,5,Arm consider author bank short.
Specialization: Secondary school teacher,4.0,Christopher Smith,Empower mission-critical networks,Course: Advanced human-resource adapter,2026-06-07T13:00:35.513084,3,2026-04-29T13:00:35.513084,2026-05-01T13:00:35.513084,sherylhoover,5,Strong side school Congress key of your hospital.
"Specialization: Administrator, sports",4.8,Michael Clarke,Maximize open-source infrastructures,Course: Horizontal human-resource software,2026-12-06T10:05:42.911073,2,2026-10-21T10:05:42.911073,2026-10-23T10:05:42.911073,ashley54,5,Long without church it produce question occur north hard expect.
Specialization: Technical author,4.7,Mr. Kyle Wright,Expedite 24/365 systems,Course: Horizontal fault-tolerant functionalities,2026-07-19T17:37:56.213248,1,2026-05-27T17:37:56.213248,2026-05-29T17:37:56.213248,rmitchell,5,Back before street head court only likely TV world.
Specialization: Technical author,4.7,Karen Sanchez,Scale b2b bandwidth,Course: Right-sized empowering array,2026-07-23T07:26:22.786982,4,2026-06-21T07:26:22.786982,2026-06-23T07:26:22.786982,melinda00,4,Front very white necessary finish sit.
Specialization: Air traffic controller,4.3,Christopher Turner,Brand world-class vortals,Course: Optimized 3rdgeneration orchestration,2027-04-14T08:01:14.482131,3,2027-03-06T08:01:14.482131,2027-03-08T08:01:14.482131,susan98,5,Adult chair purpose four play lay network hand myself.
Specialization: Air traffic controller,4.3,Christopher Turner,Brand world-class vortals,Course: Optimized background productivity,2026-06-23T06:18:36.953361,4,2026-05-22T06:18:36.953361,2026-05-24T06:18:36.953361,alicialewis,5,Short within ok but help out activity them management.
Specialization: Archivist,4.0,Amber Mora,Architect killer networks,Course: Horizontal discrete hardware,2026-10-25T23:06:15.543341,4,2026-09-23T23:06:15.543341,2026-09-25T23:06:15.543341,jessemiller,4,Place upon step statement level.
"Specialization: Administrator, sports",4.8,Raymond Kelley,Grow 24/365 e-markets,Course: Upgradable web-enabled capacity,2027-01-14T07:23:04.306601,4,2026-12-13T07:23:04.306601,2026-12-15T07:23:04.306601,donnarivera,3,In stay treat evening someone practice month.
"Specialization: Engineer, biomedical",4.4,Erik Randolph,Disintermediate interactive models,Course: Innovative executive artificial intelligence,2026-09-30T19:38:26.082040,2,2026-08-15T19:38:26.082040,2026-08-17T19:38:26.082040,rdavis,5,Animal let create choose interview future bad imagine.
Specialization: Archivist,4.0,Amber Mora,Architect killer networks,Course: Horizontal discrete hardware,2026-10-25T23:06:15.543341,4,2026-09-23T23:06:15.543341,2026-09-25T23:06:15.543341,heatherpeterson,5,Sign fact collection subject kitchen.
Specialization: Archivist,4.0,David Randall,Evolve dynamic bandwidth,Course: Vision-oriented system-worthy budgetary management,2027-04-06T07:21:20.336422,3,2027-02-26T07:21:20.336422,2027-02-28T07:21:20.336422,ljimenez,5,Night research president require.
"Specialization: Teacher, music",4.0,Madison Burnett,Expedite web-enabled networks,Course: Reduced composite application,2027-03-16T21:37:40.075731,3,2027-02-05T21:37:40.075731,2027-02-07T21:37:40.075731,vbrewer,5,So charge least assume year take half task no.
"Specialization: Therapist, occupational",4.9,Jason Mcgee,Unleash customized info-mediaries,Course: Programmable disintermediate emulation,2027-02-24T03:36:46.675022,2,2027-01-09T03:36:46.675022,2027-01-11T03:36:46.675022,littlekenneth,4,Necessary office catch garden pay news over.
"Specialization: Designer, multimedia",4.3,Colton Underwood,Optimize cross-media deliverables,Course: Stand-alone non-volatile circuit,2026-10-05T13:05:33.657496,1,2026-08-13T13:05:33.657496,2026-08-15T13:05:33.657496,karen55,2,Nature group environmental important young call near hand marriage owner.
"Specialization: Engineer, aeronautical",4.9,Kelly Avery,Scale holistic e-services,Course: Programmable grid-enabled definition,2027-03-03T07:27:12.312718,1,2027-01-09T07:27:12.312718,2027-01-11T07:27:12.312718,anthonyferguson,4,Continue economy PM although social because special learn all.
Specialization: Dietitian,4.3,Jonathan Petersen,Generate magnetic models,Course: Distributed next generation matrices,2027-05-12T00:22:29.369155,2,2027-03-27T00:22:29.369155,2027-03-29T00:22:29.369155,grant83,5,View floor strategy real draw its how mission indicate suffer early.
Specialization: Secondary school teacher,4.0,Thomas Phillips,Scale plug-and-play synergies,Course: Monitored foreground open system,2026-12-27T01:52:40.503334,2,2026-11-11T01:52:40.503334,2026-11-13T01:52:40.503334,xcastro,5,Remember our health state decade list fly serve.
"Specialization: Administrator, charities/voluntary organisations",4.5,Taylor Gray,Evolve bricks-and-clicks markets,Course: Seamless fresh-thinking challenge,2026-09-05T12:56:25.413265,1,2026-07-14T12:56:25.413265,2026-07-16T12:56:25.413265,marissa72,2,Gas church beyond this free husband economic.
Specialization: Operational researcher,4.0,Jonathan Turner,Optimize strategic deliverables,Course: Face-to-face solution-oriented strategy,2026-10-28T13:26:28.046057,3,2026-09-19T13:26:28.046057,2026-09-21T13:26:28.046057,gomezmark,5,Item draw between include sort.
"Specialization: Teacher, music",4.0,Rachel Alvarez,Benchmark out-of-the-box schemas,Course: Proactive optimal neural-net,2027-05-02T03:15:17.302879,3,2027-03-24T03:15:17.302879,2027-03-26T03:15:17.302879,ortizwilliam,5,Including art improve light whatever.
Specialization: Secondary school teacher,4.0,Megan Malone,Innovate one-to-one bandwidth,Course: Monitored foreground open system,2026-12-27T01:52:40.503334,2,2026-11-11T01:52:40.503334,2026-11-13T01:52:40.503334,reyesashley,5,Read expert respond school analysis training.
"Specialization: Designer, multimedia",4.3,Sarah Hodges,Deliver viral deliverables,Course: Fully-configurable modular synergy,2026-11-11T14:37:53.387493,2,2026-09-26T14:37:53.387493,2026-09-28T14:37:53.387493,biancaedwards,5,Situation we police security generation wind.
"Specialization: Engineer, aeronautical",4.9,Richard Crawford,Transform intuitive bandwidth,Course: Fully-configurable 5thgeneration instruction set,2027-06-03T04:07:33.474432,3,2027-04-25T04:07:33.474432,2027-04-27T04:07:33.474432,mariamurray,2,Lead peace add my pay people describe.
"Specialization: Engineer, biomedical",4.4,David Johnson,Syndicate integrated functionalities,Course: Down-sized transitional moderator,2026-10-21T10:40:55.025889,2,2026-09-05T10:40:55.025889,2026-09-07T10:40:55.025889,thompsonanne,4,Off respond consumer and create end four and contain bag.
"Specialization: Administrator, charities/voluntary organisations",4.5,Matthew Wagner,Whiteboard plug-and-play partnerships,Course: Extended attitude-oriented throughput,2026-06-23T23:30:49.193605,2,2026-05-08T23:30:49.193605,2026-05-10T23:30:49.193605,raymond82,5,Charge parent inside ok.
Specialization: Radio producer,4.0,Michael Roberts,Engage strategic convergence,Course: Cross-group leadingedge matrices,2026-07-20T04:25:03.863422,1,2026-05-28T04:25:03.863422,2026-05-30T04:25:03.863422,rjackson,5,Crime learn appear yet take water including.
Specialization: Technical author,4.7,Mr. Kyle Wright,Expedite 24/365 systems,Course: Ergonomic empowering initiative,2027-01-24T12:11:43.045341,2,2026-12-09T12:11:43.045341,2026-12-11T12:11:43.045341,millernicholas,4,Interest onto population feel which able often.
"Specialization: Engineer, aeronautical",4.9,Michelle Holmes,Deliver cross-platform solutions,Course: Programmable grid-enabled definition,2027-03-03T07:27:12.312718,3,2027-01-23T07:27:12.312718,2027-01-25T07:27:12.312718,salasmarc,4,Statement forward song everyone action sound girl player really benefit.
Specialization: Secondary school teacher,4.0,Dr. Timothy Martin DDS,Deliver value-added deliverables,Course: Visionary web-enabled complexity,2027-03-10T19:47:19.767566,2,2027-01-23T19:47:19.767566,2027-01-25T19:47:19.767566,aaron58,5,Still second whose business black lead.
"Specialization: Administrator, charities/voluntary organisations",4.5,Taylor Gray,Evolve bricks-and-clicks markets,Course: User-centric bandwidth-monitored focus group,2027-03-20T14:06:21.412209,4,2027-02-16T14:06:21.412209,2027-02-18T14:06:21.412209,greerbrian,5,Animal involve pretty bed fill.
"Specialization: Engineer, biomedical",4.4,Eric Burton,Extend cutting-edge bandwidth,Course: Business-focused scalable superstructure,2027-03-10T21:10:44.288953,3,2027-01-30T21:10:44.288953,2027-02-01T21:10:44.288953,melanie56,5,Poor where yard yeah prove doctor seek international including woman.
"Specialization: Therapist, occupational",4.9,Jason Mcgee,Unleash customized info-mediaries,Course: Programmable disintermediate emulation,2027-02-24T03:36:46.675022,3,2027-01-16T03:36:46.675022,2027-01-18T03:36:46.675022,herrerarebecca,1,Book money fast government mind.
Specialization: Dietitian,4.3,Jonathan Petersen,Generate magnetic models,Course: Self-enabling secondary leverage,2027-05-09T15:28:48.386373,4,2027-04-07T15:28:48.386373,2027-04-09T15:28:48.386373,carrierobinson,5,Across debate card herself stand lawyer letter scientist religious protect.
"Specialization: Designer, multimedia",4.3,Hannah Murray,Brand open-source eyeballs,Course: Triple-buffered exuding migration,2026-06-22T16:18:58.231449,2,2026-05-07T16:18:58.231449,2026-05-09T16:18:58.231449,ashley73,4,Message pull hand image baby name.
"Specialization: Teacher, music",4.0,David Robinson,Enable scalable portals,Course: Front-line leadingedge hub,2026-11-30T01:22:19.900793,1,2026-10-08T01:22:19.900793,2026-10-10T01:22:19.900793,robert44,5,Record Congress summer serious provide significant mission easy available.
Specialization: Radio producer,4.0,Michael Roberts,Engage strategic convergence,Course: Integrated mission-critical moratorium,2026-07-26T05:20:37.057204,1,2026-06-03T05:20:37.057204,2026-06-05T05:20:37.057204,bmay,5,Poor recently among officer other.
"Specialization: Engineer, biomedical",4.4,David Johnson,Syndicate integrated functionalities,Course: Down-sized transitional moderator,2026-10-21T10:40:55.025889,1,2026-08-29T10:40:55.025889,2026-08-31T10:40:55.025889,dustin01,5,Who relationship your region result but often art school own.
Specialization: Archivist,4.0,David Randall,Evolve dynamic bandwidth,Course: Programmable interactive framework,2026-10-19T10:53:24.808770,4,2026-09-17T10:53:24.808770,2026-09-19T10:53:24.808770,stevenhernandez,3,Fly because become sense easy law.
Specialization: Air traffic controller,4.3,Savannah Rich,Envisioneer leading-edge interfaces,Course: Upgradable 24/7 circuit,2026-08-26T11:10:41.091448,2,2026-07-11T11:10:41.091448,2026-07-13T11:10:41.091448,snyderbrian,5,Field begin such we order goal base data doctor.
Specialization: Air traffic controller,4.3,Teresa Preston,Cultivate b2c networks,Course: Optimized 3rdgeneration orchestration,2027-04-14T08:01:14.482131,3,2027-03-06T08:01:14.482131,2027-03-08T08:01:14.482131,mitchelljill,4,Herself debate military public body produce black nothing.
Specialization: Archivist,4.0,Melissa Sanchez,Synthesize extensible e-markets,Course: Programmable interactive framework,2026-10-19T10:53:24.808770,1,2026-08-27T10:53:24.808770,2026-08-29T10:53:24.808770,jacqueline66,5,One price war behind personal fund.
"Specialization: Teacher, music",4.0,William Pearson,Incentivize interactive metrics,Course: Proactive optimal neural-net,2027-05-02T03:15:17.302879,4,2027-03-31T03:15:17.302879,2027-04-02T03:15:17.302879,jessicabarrera,4,Property trip suddenly describe home plan case about.
"Specialization: Engineer, biomedical",4.4,Eric Burton,Extend cutting-edge bandwidth,Course: Stand-alone secondary initiative,2026-12-26T08:02:30.227710,3,2026-11-17T08:02:30.227710,2026-11-19T08:02:30.227710,mckinneyjenny,3,Kind course force appear carry off pay hospital second.
"Specialization: Designer, multimedia",4.3,Wyatt Johnson,Leverage next-generation info-mediaries,Course: Fully-configurable modular synergy,2026-11-11T14:37:53.387493,1,2026-09-19T14:37:53.387493,2026-09-21T14:37:53.387493,evansmichelle,3,Word thing machine both throw.
"Specialization: Therapist, occupational",4.9,Shaun Ward,Streamline dynamic platforms,Course: Multi-layered client-driven contingency,2026-08-31T00:06:17.906547,3,2026-07-23T00:06:17.906547,2026-07-25T00:06:17.906547,mariahacosta,5,Machine then pull general spend knowledge country.
Specialization: Operational researcher,4.0,Jonathan Turner,Optimize strategic deliverables,Course: Ergonomic interactive array,2027-01-20T18:18:34.548171,1,2026-11-28T18:18:34.548171,2026-11-30T18:18:34.548171,cli,5,Believe mouth art left class create small stand house several.
Specialization: Technical author,4.7,Karen Sanchez,Scale b2b bandwidth,Course: Ergonomic empowering initiative,2027-01-24T12:11:43.045341,4,2026-12-23T12:11:43.045341,2026-12-25T12:11:43.045341,michelle99,5,Attention pick trouble here security.
"Specialization: Administrator, charities/voluntary organisations",4.5,Jack Ward,Integrate interactive e-commerce,Course: Profit-focused responsive Graphic Interface,2027-01-10T00:12:44.552448,1,2026-11-18T00:12:44.552448,2026-11-20T00:12:44.552448,mwilcox,3,Increase sit country include.
"Specialization: Designer, multimedia",4.3,Colton Underwood,Optimize cross-media deliverables,Course: Fully-configurable modular synergy,2026-11-11T14:37:53.387493,4,2026-10-10T14:37:53.387493,2026-10-12T14:37:53.387493,michael41,5,Why avoid respond concern cut war mother six plant close under.
Specialization: Operational researcher,4.0,Barbara Washington,Syndicate intuitive technologies,Course: Integrated client-driven synergy,2026-12-09T08:08:41.675040,4,2026-11-07T08:08:41.675040,2026-11-09T08:08:41.675040,acarroll,5,Care adult follow candidate front safe exist art piece up.
"Specialization: Teacher, music",4.0,David Robinson,Enable scalable portals,Course: Future-proofed intangible capacity,2027-05-29T17:41:33.233547,4,2027-04-27T17:41:33.233547,2027-04-29T17:41:33.233547,allen80,3,Amount still each while she very experience shoulder enter.
"Specialization: Engineer, biomedical",4.4,David Johnson,Syndicate integrated functionalities,Course: Down-sized transitional moderator,2026-10-21T10:40:55.025889,1,2026-08-29T10:40:55.025889,2026-08-31T10:40:55.025889,dominic68,5,Allow Mrs wife where down special manage opportunity.
"Specialization: Therapist, occupational",4.9,Jason Mcgee,Unleash customized info-mediaries,Course: Programmable disintermediate emulation,2027-02-24T03:36:46.675022,1,2027-01-02T03:36:46.675022,2027-01-04T03:36:46.675022,campbellheather,5,Method couple through great political action specific here dream either.
"Specialization: Therapist, occupational",4.9,Martha Thompson,Scale revolutionary metrics,Course: Profit-focused cohesive paradigm,2026-11-26T14:15:27.366700,1,2026-10-04T14:15:27.366700,2026-10-06T14:15:27.366700,leonardphillips,3,President live reduce base whatever adult soldier to race.
Specialization: Air traffic controller,4.3,Christopher Turner,Brand world-class vortals,Course: Optimized 3rdgeneration orchestration,2027-04-14T08:01:14.482131,3,2027-03-06T08:01:14.482131,2027-03-08T08:01:14.482131,jonesbrandon,5,Send recently understand writer piece heart money.
"Specialization: Teacher, music",4.0,Madison Burnett,Expedite web-enabled networks,Course: Front-line leadingedge hub,2026-11-30T01:22:19.900793,3,2026-10-22T01:22:19.900793,2026-10-24T01:22:19.900793,svalentine,4,Smile list institution west catch sing form remain front glass.
"Specialization: Administrator, charities/voluntary organisations",4.5,Benjamin Heath,Incentivize extensible paradigms,Course: User-centric bandwidth-monitored focus group,2027-03-20T14:06:21.412209,4,2027-02-16T14:06:21.412209,2027-02-18T14:06:21.412209,vrogers,5,Investment study individual before early describe carry approach job.
Specialization: Radio producer,4.0,Kelly Hayes,Aggregate strategic interfaces,Course: Object-based user-facing archive,2027-05-11T04:26:02.423184,4,2027-04-09T04:26:02.423184,2027-04-11T04:26:02.423184,dawn06,5,For whether fish stock several look eye never which help they.
Specialization: Publishing copy,4.2,Daniel Kelly,Expedite ubiquitous info-mediaries,Course: Team-oriented methodical website,2026-12-04T08:17:39.160293,2,2026-10-19T08:17:39.160293,2026-10-21T08:17:39.160293,bonnie84,3,Serious however policy future close seat phone case on field.
Specialization: Secondary school teacher,4.0,Christopher Smith,Empower mission-critical networks,Course: Compatible empowering matrices,2027-02-22T16:09:07.853571,1,2026-12-31T16:09:07.853571,2027-01-02T16:09:07.853571,ihobbs,2,Box policy mind situation talk her.
"Specialization: Therapist, occupational",4.9,Paula Harvey,Synergize e-business networks,Course: Multi-layered client-driven contingency,2026-08-31T00:06:17.906547,3,2026-07-23T00:06:17.906547,2026-07-25T00:06:17.906547,katherine85,5,Without until west product continue.
Specialization: Operational researcher,4.0,Barbara Washington,Syndicate intuitive technologies,Course: Face-to-face solution-oriented strategy,2026-10-28T13:26:28.046057,2,2026-09-12T13:26:28.046057,2026-09-14T13:26:28.046057,christopher87,5,Step usually carry performance argue a question.
"Specialization: Administrator, sports",4.8,David Conner,Orchestrate seamless methodologies,Course: Diverse systematic firmware,2026-09-28T23:22:42.748891,4,2026-08-27T23:22:42.748891,2026-08-29T23:22:42.748891,bhiggins,5,Movie build more character safe look window.
"Specialization: Administrator, charities/voluntary organisations",4.5,Benjamin Aguilar,Envisioneer cross-media eyeballs,Course: Seamless fresh-thinking challenge,2026-09-05T12:56:25.413265,2,2026-07-21T12:56:25.413265,2026-07-23T12:56:25.413265,michaelkelly,3,Half peace too study dog mouth job value.
"Specialization: Designer, multimedia",4.3,Sarah Hodges,Deliver viral deliverables,Course: Decentralized scalable encoding,2027-01-27T13:25:12.962480,1,2026-12-05T13:25:12.962480,2026-12-07T13:25:12.962480,psmith,5,Animal fly language reason performance turn pass arrive young.
"Specialization: Administrator, sports",4.8,David Conner,Orchestrate seamless methodologies,Course: Quality-focused modular Internet solution,2027-03-22T00:38:28.365666,3,2027-02-11T00:38:28.365666,2027-02-13T00:38:28.365666,parkerlaura,5,Do remember claim operation travel else would.
"Specialization: Administrator, sports",4.8,Raymond Kelley,Grow 24/365 e-markets,Course: Horizontal human-resource software,2026-12-06T10:05:42.911073,3,2026-10-28T10:05:42.911073,2026-10-30T10:05:42.911073,margaretbooth,5,Very simple full new important near.
"Specialization: Administrator, sports",4.8,Michael Clarke,Maximize open-source infrastructures,Course: Horizontal human-resource software,2026-12-06T10:05:42.911073,2,2026-10-21T10:05:42.911073,2026-10-23T10:05:42.911073,lsmith,3,Old office arrive kind firm today.
"Specialization: Teacher, music",4.0,David Robinson,Enable scalable portals,Course: User-centric homogeneous Graphical User Interface,2027-05-29T21:23:32.799574,3,2027-04-20T21:23:32.799574,2027-04-22T21:23:32.799574,cklein,3,Car sort different reality television when.
Specialization: Archivist,4.0,Amber Mora,Architect killer networks,Course: Horizontal discrete hardware,2026-10-25T23:06:15.543341,2,2026-09-09T23:06:15.543341,2026-09-11T23:06:15.543341,elizabethhayes,3,Type without account traditional security style.
"Specialization: Administrator, sports",4.8,Raymond Kelley,Grow 24/365 e-markets,Course: Horizontal human-resource software,2026-12-06T10:05:42.911073,3,2026-10-28T10:05:42.911073,2026-10-30T10:05:42.911073,pscott,5,Card structure computer degree drug police often onto doctor future.
"Specialization: Therapist, occupational",4.9,Paula Harvey,Synergize e-business networks,Course: Multi-layered client-driven contingency,2026-08-31T00:06:17.906547,3,2026-07-23T00:06:17.906547,2026-07-25T00:06:17.906547,xewing,4,Off so direction leave hundred.
Specialization: Publishing copy,4.2,William Duran,Strategize out-of-the-box action-items,Course: Up-sized 6thgeneration paradigm,2026-07-02T05:46:55.077945,4,2026-05-31T05:46:55.077945,2026-06-02T05:46:55.077945,goldensteven,5,Accept much have election sound no arrive week notice it.
"Specialization: Administrator, sports",4.8,Raymond Kelley,Grow 24/365 e-markets,Course: Upgradable web-enabled capacity,2027-01-14T07:23:04.306601,2,2026-11-29T07:23:04.306601,2026-12-01T07:23:04.306601,woodsangela,3,Large age collection expert voice fine.
"Specialization: Designer, multimedia",4.3,Colton Underwood,Optimize cross-media deliverables,Course: Fully-configurable modular synergy,2026-11-11T14:37:53.387493,4,2026-10-10T14:37:53.387493,2026-10-12T14:37:53.387493,toddenglish,4,Second notice tough special analysis worker other forward.
Specialization: Archivist,4.0,David Randall,Evolve dynamic bandwidth,Course: Right-sized global instruction set,2027-03-03T14:07:04.192181,1,2027-01-09T14:07:04.192181,2027-01-11T14:07:04.192181,stephanie34,5,Catch hot agreement since floor something provide yet.
"Specialization: Administrator, sports",4.8,Katherine Clayton,Seize 24/365 channels,Course: Quality-focused modular Internet solution,2027-03-22T00:38:28.365666,1,2027-01-28T00:38:28.365666,2027-01-30T00:38:28.365666,anna28,1,Ahead clear miss admit size hundred near break in.
"Specialization: Engineer, aeronautical",4.9,Richard Crawford,Transform intuitive bandwidth,Course: Reduced real-time neural-net,2027-05-07T23:37:35.688586,2,2027-03-22T23:37:35.688586,2027-03-24T23:37:35.688586,wboyle,5,Individual surface behavior lot while available.
Specialization: Secondary school teacher,4.0,Chad Bell,Engineer plug-and-play users,Course: Pre-emptive regional website,2027-02-08T01:47:30.641886,3,2026-12-31T01:47:30.641886,2027-01-02T01:47:30.641886,austin59,3,Data inside their institution level source.
Specialization: Publishing copy,4.2,Todd Williams,Benchmark world-class channels,Course: Balanced contextually-based alliance,2027-02-20T20:01:08.017504,4,2027-01-19T20:01:08.017504,2027-01-21T20:01:08.017504,gjohnson,5,Per avoid school of lay participant already.
Specialization: Publishing copy,4.2,Darlene Cordova,Synergize e-business content,Course: Team-oriented methodical website,2026-12-04T08:17:39.160293,4,2026-11-02T08:17:39.160293,2026-11-04T08:17:39.160293,deleondaniel,5,Democratic manage kind spend arrive parent story.
Specialization: Archivist,4.0,Melissa Sanchez,Synthesize extensible e-markets,Course: Future-proofed bandwidth-monitored time-frame,2026-08-01T12:09:08.524876,2,2026-06-16T12:09:08.524876,2026-06-18T12:09:08.524876,kristen37,5,Hospital head kind medical military south.
"Specialization: Designer, multimedia",4.3,Wyatt Johnson,Leverage next-generation info-mediaries,Course: Stand-alone non-volatile circuit,2026-10-05T13:05:33.657496,4,2026-09-03T13:05:33.657496,2026-09-05T13:05:33.657496,joel35,4,Military president trade admit your trade suggest turn.
"Specialization: Engineer, biomedical",4.4,David Johnson,Syndicate integrated functionalities,Course: Down-sized transitional moderator,2026-10-21T10:40:55.025889,3,2026-09-12T10:40:55.025889,2026-09-14T10:40:55.025889,leonard56,5,Glass part turn arm network bad discussion.
Specialization: Secondary school teacher,4.0,Thomas Phillips,Scale plug-and-play synergies,Course: Monitored foreground open system,2026-12-27T01:52:40.503334,4,2026-11-25T01:52:40.503334,2026-11-27T01:52:40.503334,bradymichael,4,Issue peace camera majority dog situation them person level admit.
Specialization: Radio producer,4.0,Michael Roberts,Engage strategic convergence,Course: Optimized 6thgeneration capability,2027-01-14T13:51:31.935845,1,2026-11-22T13:51:31.935845,2026-11-24T13:51:31.935845,lindsey61,5,Music program tell street we time process.
"Specialization: Engineer, aeronautical",4.9,William Reynolds,Extend visionary platforms,Course: Polarized asynchronous knowledgebase,2026-10-18T19:22:29.090991,2,2026-09-02T19:22:29.090991,2026-09-04T19:22:29.090991,kprice,4,Military military opportunity hand able.
Specialization: Air traffic controller,4.3,Dana Phillips,Strategize interactive schemas,Course: Multi-layered 3rdgeneration framework,2026-08-26T20:56:29.704685,2,2026-07-11T20:56:29.704685,2026-07-13T20:56:29.704685,michael97,5,Feeling animal music mention guy executive value.
Specialization: Technical author,4.7,Mr. Kyle Wright,Expedite 24/365 systems,Course: Horizontal fault-tolerant functionalities,2026-07-19T17:37:56.213248,2,2026-06-03T17:37:56.213248,2026-06-05T17:37:56.213248,sdavis,4,Want talk kind join order ready its.
Specialization: Radio producer,4.0,Erin Rogers,Envisioneer scalable roi,Course: Extended upward-trending adapter,2026-10-22T02:21:50.998900,1,2026-08-30T02:21:50.998900,2026-09-01T02:21:50.998900,amy88,4,Court hour wonder rate ball song sister able pay future.
Specialization: Radio producer,4.0,Erin Rogers,Envisioneer scalable roi,Course: Cross-group leadingedge matrices,2026-07-20T04:25:03.863422,1,2026-05-28T04:25:03.863422,2026-05-30T04:25:03.863422,lisasantiago,5,Look member ball daughter significant of make.
Specialization: Dietitian,4.3,Jonathan Petersen,Generate magnetic models,Course: Realigned dedicated workforce,2026-07-26T21:47:20.980752,2,2026-06-10T21:47:20.980752,2026-06-12T21:47:20.980752,melissa39,3,Write cover degree simple then prepare modern contain heavy line.
"Specialization: Engineer, aeronautical",4.9,Kelly Avery,Scale holistic e-services,Course: Down-sized didactic extranet,2027-05-14T15:08:29.961452,3,2027-04-05T15:08:29.961452,2027-04-07T15:08:29.961452,srose,2,Reach matter sometimes gun American answer compare.
"Specialization: Administrator, sports",4.8,John Conner,Incentivize granular infrastructures,Course: Diverse systematic firmware,2026-09-28T23:22:42.748891,3,2026-08-20T23:22:42.748891,2026-08-22T23:22:42.748891,katie63,4,Effect air owner music trouble according share.
"Specialization: Engineer, biomedical",4.4,Erik Randolph,Disintermediate interactive models,Course: Re-engineered discrete solution,2026-11-30T09:19:19.112211,1,2026-10-08T09:19:19.112211,2026-10-10T09:19:19.112211,xpaul,1,Speech reflect take human create.
Specialization: Operational researcher,4.0,Brent Smith,Mesh distributed users,Course: Down-sized user-facing moratorium,2027-05-29T04:43:38.341757,3,2027-04-20T04:43:38.341757,2027-04-22T04:43:38.341757,hendricksnathan,4,Ok later race full which its story sister action boy.
Specialization: Publishing copy,4.2,Brett Mendez,Utilize web-enabled paradigms,Course: Balanced contextually-based alliance,2027-02-20T20:01:08.017504,3,2027-01-12T20:01:08.017504,2027-01-14T20:01:08.017504,qhenderson,4,Stuff involve beat life beautiful down peace shake fact base.
Specialization: Technical author,4.7,Misty Ingram,Architect bricks-and-clicks schemas,Course: Switchable zero tolerance frame,2027-06-05T20:35:28.741458,1,2027-04-13T20:35:28.741458,2027-04-15T20:35:28.741458,thomas28,5,Speak when together ball modern instead for.
"Specialization: Administrator, charities/voluntary organisations",4.5,Taylor Gray,Evolve bricks-and-clicks markets,Course: User-centric bandwidth-monitored focus group,2027-03-20T14:06:21.412209,4,2027-02-16T14:06:21.412209,2027-02-18T14:06:21.412209,courtney97,3,Reveal day establish bring author foreign south.
Specialization: Publishing copy,4.2,Darlene Cordova,Synergize e-business content,Course: Team-oriented methodical website,2026-12-04T08:17:39.160293,2,2026-10-19T08:17:39.160293,2026-10-21T08:17:39.160293,tracy62,5,Item spend question mother some through one.
"Specialization: Teacher, music",4.0,Madison Burnett,Expedite web-enabled networks,Course: User-centric homogeneous Graphical User Interface,2027-05-29T21:23:32.799574,2,2027-04-13T21:23:32.799574,2027-04-15T21:23:32.799574,upowell,5,Treatment just international life soldier interview city face past.
Specialization: Secondary school teacher,4.0,Dr. Timothy Martin DDS,Deliver value-added deliverables,Course: Visionary web-enabled complexity,2027-03-10T19:47:19.767566,2,2027-01-23T19:47:19.767566,2027-01-25T19:47:19.767566,smata,5,Your white serious much involve central opportunity.
Specialization: Secondary school teacher,4.0,Thomas Phillips,Scale plug-and-play synergies,Course: Monitored foreground open system,2026-12-27T01:52:40.503334,2,2026-11-11T01:52:40.503334,2026-11-13T01:52:40.503334,kirkortega,4,Improve morning old they far very talk hit send.
"Specialization: Administrator, sports",4.8,Michael Clarke,Maximize open-source infrastructures,Course: Reduced asymmetric capability,2026-11-04T18:39:58.632420,4,2026-10-03T18:39:58.632420,2026-10-05T18:39:58.632420,schurch,5,Draw individual knowledge peace media.
Specialization: Technical author,4.7,Mr. Kyle Wright,Expedite 24/365 systems,Course: Switchable zero tolerance frame,2027-06-05T20:35:28.741458,3,2027-04-27T20:35:28.741458,2027-04-29T20:35:28.741458,wattsaustin,3,Appear different available process mind free star.
Specialization: Dietitian,4.3,Joseph Adams MD,Evolve extensible architectures,Course: Down-sized fault-tolerant moderator,2027-02-17T00:30:49.249726,1,2026-12-26T00:30:49.249726,2026-12-28T00:30:49.249726,harrismark,5,Knowledge father real often number.
Specialization: Radio producer,4.0,Kelly Hayes,Aggregate strategic interfaces,Course: Object-based user-facing archive,2027-05-11T04:26:02.423184,1,2027-03-19T04:26:02.423184,2027-03-21T04:26:02.423184,jodi85,4,Bag indicate scientist tonight own defense international will.
"Specialization: Designer, multimedia",4.3,Brad Gonzalez,Optimize enterprise action-items,Course: Digitized tertiary matrix,2027-01-14T23:07:08.827124,2,2026-11-29T23:07:08.827124,2026-12-01T23:07:08.827124,amy60,3,Though determine author sense expect field me.
Specialization: Dietitian,4.3,Jonathan Petersen,Generate magnetic models,Course: Down-sized fault-tolerant moderator,2027-02-17T00:30:49.249726,1,2026-12-26T00:30:49.249726,2026-12-28T00:30:49.249726,medinathomas,5,Reality idea once study.
"Specialization: Designer, multimedia",4.3,Patricia King,Extend innovative roi,Course: Decentralized scalable encoding,2027-01-27T13:25:12.962480,4,2026-12-26T13:25:12.962480,2026-12-28T13:25:12.962480,jared82,5,Book season range fill market.
Specialization: Dietitian,4.3,Jonathan Petersen,Generate magnetic models,Course: Self-enabling secondary leverage,2027-05-09T15:28:48.386373,4,2027-04-07T15:28:48.386373,2027-04-09T15:28:48.386373,jason46,5,Probably choose character drop however exist huge business floor own.
"Specialization: Therapist, occupational",4.9,Jason Mcgee,Unleash customized info-mediaries,Course: Profit-focused cohesive paradigm,2026-11-26T14:15:27.366700,2,2026-10-11T14:15:27.366700,2026-10-13T14:15:27.366700,veronica98,4,Certainly PM seek him start bar look foreign.
"Specialization: Administrator, sports",4.8,Adam King,Embrace holistic roi,Course: Upgradable web-enabled capacity,2027-01-14T07:23:04.306601,4,2026-12-13T07:23:04.306601,2026-12-15T07:23:04.306601,allenjacob,5,Point economy perform civil debate.
Specialization: Secondary school teacher,4.0,Christopher Smith,Empower mission-critical networks,Course: Advanced human-resource adapter,2026-06-07T13:00:35.513084,3,2026-04-29T13:00:35.513084,2026-05-01T13:00:35.513084,soniaanderson,3,Trouble place address school total system to.
"Specialization: Teacher, music",4.0,William Pearson,Incentivize interactive metrics,Course: Proactive optimal neural-net,2027-05-02T03:15:17.302879,3,2027-03-24T03:15:17.302879,2027-03-26T03:15:17.302879,williamsjudy,4,Six until audience someone recently military political well even.
"Specialization: Engineer, biomedical",4.4,William Lynn,Maximize collaborative web-readiness,Course: Business-focused scalable superstructure,2027-03-10T21:10:44.288953,3,2027-01-30T21:10:44.288953,2027-02-01T21:10:44.288953,wgoodman,5,First join yet beyond structure direction practice room black.
Specialization: Operational researcher,4.0,Mark Jones,Grow 24/365 communities,Course: Integrated client-driven synergy,2026-12-09T08:08:41.675040,1,2026-10-17T08:08:41.675040,2026-10-19T08:08:41.675040,donaldharrington,5,Network property couple shoulder try huge despite tree.
Specialization: Air traffic controller,4.3,Christopher Turner,Brand world-class vortals,Course: Optimized background productivity,2026-06-23T06:18:36.953361,2,2026-05-08T06:18:36.953361,2026-05-10T06:18:36.953361,woodardbryan,2,Chance yeah election many effect miss relationship.
Specialization: Technical author,4.7,Stacy Rivera,Visualize best-of-breed channels,Course: Ergonomic empowering initiative,2027-01-24T12:11:43.045341,4,2026-12-23T12:11:43.045341,2026-12-25T12:11:43.045341,bowenadrian,4,Huge history argue ahead your.
"Specialization: Engineer, biomedical",4.4,Christopher Page,E-enable intuitive action-items,Course: Business-focused scalable superstructure,2027-03-10T21:10:44.288953,2,2027-01-23T21:10:44.288953,2027-01-25T21:10:44.288953,lstevens,5,Big challenge although little hold game stop hit car.
"Specialization: Teacher, music",4.0,Jack Jackson,Engineer web-enabled networks,Course: Reduced composite application,2027-03-16T21:37:40.075731,3,2027-02-05T21:37:40.075731,2027-02-07T21:37:40.075731,gstephens,5,Of her music must economic call.
Specialization: Archivist,4.0,Melissa Sanchez,Synthesize extensible e-markets,Course: Future-proofed bandwidth-monitored time-frame,2026-08-01T12:09:08.524876,1,2026-06-09T12:09:08.524876,2026-06-11T12:09:08.524876,paul59,1,Add later guy some decision each reason situation many.
"Specialization: Designer, multimedia",4.3,Sarah Hodges,Deliver viral deliverables,Course: Decentralized scalable encoding,2027-01-27T13:25:12.962480,4,2026-12-26T13:25:12.962480,2026-12-28T13:25:12.962480,levynathan,3,Should fact cup toward society both describe available audience section.
"Specialization: Designer, multimedia",4.3,Sarah Hodges,Deliver viral deliverables,Course: Decentralized scalable encoding,2027-01-27T13:25:12.962480,4,2026-12-26T13:25:12.962480,2026-12-28T13:25:12.962480,tinageorge,5,Long music per baby success do.
"Specialization: Administrator, sports",4.8,Jo James MD,Evolve next-generation synergies,Course: Upgradable web-enabled capacity,2027-01-14T07:23:04.306601,4,2026-12-13T07:23:04.306601,2026-12-15T07:23:04.306601,bensonlisa,5,Science pretty head head my grow democratic material community positive.
"Specialization: Administrator, sports",4.8,Michael Clarke,Maximize open-source infrastructures,Course: Horizontal human-resource software,2026-12-06T10:05:42.911073,4,2026-11-04T10:05:42.911073,2026-11-06T10:05:42.911073,melissareid,4,Outside tough campaign role sound capital practice single skin true.
Specialization: Technical author,4.7,Mr. Kyle Wright,Expedite 24/365 systems,Course: Horizontal fault-tolerant functionalities,2026-07-19T17:37:56.213248,4,2026-06-17T17:37:56.213248,2026-06-19T17:37:56.213248,linda59,3,Capital event seem argue sing too turn least decade.
"Specialization: Engineer, aeronautical",4.9,Michelle Holmes,Deliver cross-platform solutions,Course: Programmable grid-enabled definition,2027-03-03T07:27:12.312718,3,2027-01-23T07:27:12.312718,2027-01-25T07:27:12.312718,mark61,1,Table ahead him eight continue believe.
"Specialization: Administrator, charities/voluntary organisations",4.5,Benjamin Aguilar,Envisioneer cross-media eyeballs,Course: Extended attitude-oriented throughput,2026-06-23T23:30:49.193605,3,2026-05-15T23:30:49.193605,2026-05-17T23:30:49.193605,bankskelly,5,Soldier security increase hour although if.
Specialization: Radio producer,4.0,Erin Rogers,Envisioneer scalable roi,Course: Extended upward-trending adapter,2026-10-22T02:21:50.998900,3,2026-09-13T02:21:50.998900,2026-09-15T02:21:50.998900,sean46,5,Win happen west any article.
Specialization: Dietitian,4.3,Deborah Oconnell,Optimize magnetic infrastructures,Course: Self-enabling secondary leverage,2027-05-09T15:28:48.386373,2,2027-03-24T15:28:48.386373,2027-03-26T15:28:48.386373,amandabenjamin,3,Back language pressure save list which develop painting reason above.
Specialization: Archivist,4.0,Stephanie Watson DDS,Incubate out-of-the-box experiences,Course: Horizontal discrete hardware,2026-10-25T23:06:15.543341,3,2026-09-16T23:06:15.543341,2026-09-18T23:06:15.543341,juanmartinez,5,Fact plan I campaign choice.
"Specialization: Designer, multimedia",4.3,Brad Gonzalez,Optimize enterprise action-items,Course: Digitized tertiary matrix,2027-01-14T23:07:08.827124,4,2026-12-13T23:07:08.827124,2026-12-15T23:07:08.827124,ovaughn,5,Claim thing worker fire speak measure.
Specialization: Archivist,4.0,Melissa Sanchez,Synthesize extensible e-markets,Course: Future-proofed bandwidth-monitored time-frame,2026-08-01T12:09:08.524876,2,2026-06-16T12:09:08.524876,2026-06-18T12:09:08.524876,nicholasromero,4,From you himself store office side road.
Specialization: Air traffic controller,4.3,Sheila Myers,Incubate interactive methodologies,Course: Optimized background productivity,2026-06-23T06:18:36.953361,1,2026-05-01T06:18:36.953361,2026-05-03T06:18:36.953361,elizabethweiss,4,Per item plant American girl exactly agreement last rate.
Specialization: Publishing copy,4.2,Daniel Kelly,Expedite ubiquitous info-mediaries,Course: Triple-buffered regional complexity,2026-08-04T12:32:49.052381,1,2026-06-12T12:32:49.052381,2026-06-14T12:32:49.052381,alicia45,5,Bank major mother thought here color.
"Specialization: Therapist, occupational",4.9,Paula Harvey,Synergize e-business networks,Course: Profit-focused cohesive paradigm,2026-11-26T14:15:27.366700,2,2026-10-11T14:15:27.366700,2026-10-13T14:15:27.366700,smithbeth,4,Begin or guy total civil position growth despite evening hour.
"Specialization: Designer, multimedia",4.3,Wyatt Johnson,Leverage next-generation info-mediaries,Course: Fully-configurable modular synergy,2026-11-11T14:37:53.387493,1,2026-09-19T14:37:53.387493,2026-09-21T14:37:53.387493,cynthiaclarke,4,Right at show civil near where difference international.
Specialization: Air traffic controller,4.3,Savannah Rich,Envisioneer leading-edge interfaces,Course: Upgradable 24/7 circuit,2026-08-26T11:10:41.091448,1,2026-07-04T11:10:41.091448,2026-07-06T11:10:41.091448,josephmay,5,Drive reduce small fast history practice through director let surface.
Specialization: Radio producer,4.0,Kelly Hayes,Aggregate strategic interfaces,Course: Object-based user-facing archive,2027-05-11T04:26:02.423184,1,2027-03-19T04:26:02.423184,2027-03-21T04:26:02.423184,laura42,5,Across by indeed six major century whatever main interesting wonder.
"Specialization: Engineer, aeronautical",4.9,Kelly Avery,Scale holistic e-services,Course: Down-sized didactic extranet,2027-05-14T15:08:29.961452,2,2027-03-29T15:08:29.961452,2027-03-31T15:08:29.961452,williamparker,4,Then fish section special couple practice.
"Specialization: Engineer, aeronautical",4.9,Jon Powers,Enhance distributed systems,Course: Polarized asynchronous knowledgebase,2026-10-18T19:22:29.090991,1,2026-08-26T19:22:29.090991,2026-08-28T19:22:29.090991,catherinewhite,4,Air system cup alone front culture yes weight standard under after.
Specialization: Archivist,4.0,Susan Barry,Strategize frictionless supply-chains,Course: Vision-oriented system-worthy budgetary management,2027-04-06T07:21:20.336422,2,2027-02-19T07:21:20.336422,2027-02-21T07:21:20.336422,rita87,5,Student history state subject friend plan together parent especially write.
"Specialization: Administrator, sports",4.8,Raymond Kelley,Grow 24/365 e-markets,Course: Horizontal human-resource software,2026-12-06T10:05:42.911073,1,2026-10-14T10:05:42.911073,2026-10-16T10:05:42.911073,jillwyatt,2,Often morning out in yourself little crime.
"Specialization: Administrator, charities/voluntary organisations",4.5,Patricia Brown MD,Integrate dynamic mindshare,Course: Configurable upward-trending encryption,2026-10-23T02:24:38.426319,4,2026-09-21T02:24:38.426319,2026-09-23T02:24:38.426319,deborah22,5,Story role technology during step particular herself.
Specialization: Operational researcher,4.0,Jonathan Turner,Optimize strategic deliverables,Course: Down-sized user-facing moratorium,2027-05-29T04:43:38.341757,1,2027-04-06T04:43:38.341757,2027-04-08T04:43:38.341757,janetcollier,5,Care many cultural them participant country owner nation.
Specialization: Air traffic controller,4.3,Savannah Rich,Envisioneer leading-edge interfaces,Course: Multi-layered 3rdgeneration framework,2026-08-26T20:56:29.704685,1,2026-07-04T20:56:29.704685,2026-07-06T20:56:29.704685,gliu,5,Condition American open hundred friend east detail address.
"Specialization: Engineer, aeronautical",4.9,Michelle Holmes,Deliver cross-platform solutions,Course: Fully-configurable 5thgeneration instruction set,2027-06-03T04:07:33.474432,2,2027-04-18T04:07:33.474432,2027-04-20T04:07:33.474432,lgonzalez,4,Suffer born military actually may.
Specialization: Publishing copy,4.2,Daniel Martinez,Seize impactful portals,Course: Up-sized 6thgeneration paradigm,2026-07-02T05:46:55.077945,2,2026-05-17T05:46:55.077945,2026-05-19T05:46:55.077945,afoster,5,Likely image check husband instead how Mrs machine we.
Specialization: Publishing copy,4.2,William Duran,Strategize out-of-the-box action-items,Course: Up-sized 6thgeneration paradigm,2026-07-02T05:46:55.077945,2,2026-05-17T05:46:55.077945,2026-05-19T05:46:55.077945,eric65,5,Fall modern tree air image reveal.
Specialization: Operational researcher,4.0,Barbara Washington,Syndicate intuitive technologies,Course: Face-to-face solution-oriented strategy,2026-10-28T13:26:28.046057,1,2026-09-05T13:26:28.046057,2026-09-07T13:26:28.046057,zguzman,5,Than role several local work down majority.
Specialization: Archivist,4.0,David Randall,Evolve dynamic bandwidth,Course: Horizontal discrete hardware,2026-10-25T23:06:15.543341,3,2026-09-16T23:06:15.543341,2026-09-18T23:06:15.543341,jamie60,4,Administration feeling set building account follow everyone out.
"Specialization: Teacher, music",4.0,Jack Jackson,Engineer web-enabled networks,Course: Future-proofed intangible capacity,2027-05-29T17:41:33.233547,3,2027-04-20T17:41:33.233547,2027-04-22T17:41:33.233547,thomashall,5,Behavior soon billion perform.
"Specialization: Administrator, charities/voluntary organisations",4.5,Taylor Gray,Evolve bricks-and-clicks markets,Course: Profit-focused responsive Graphic Interface,2027-01-10T00:12:44.552448,2,2026-11-25T00:12:44.552448,2026-11-27T00:12:44.552448,dmerritt,4,Detail security why find response economy whether.
Specialization: Air traffic controller,4.3,Savannah Rich,Envisioneer leading-edge interfaces,Course: Function-based multi-tasking instruction set,2026-10-07T16:05:53.856978,2,2026-08-22T16:05:53.856978,2026-08-24T16:05:53.856978,christopherjuarez,5,So fight return end authority such.
"Specialization: Administrator, charities/voluntary organisations",4.5,Jack Ward,Integrate interactive e-commerce,Course: Profit-focused responsive Graphic Interface,2027-01-10T00:12:44.552448,4,2026-12-09T00:12:44.552448,2026-12-11T00:12:44.552448,castrojessica,3,Bag stock show accept recognize.
"Specialization: Designer, multimedia",4.3,Wyatt Johnson,Leverage next-generation info-mediaries,Course: Triple-buffered exuding migration,2026-06-22T16:18:58.231449,1,2026-04-30T16:18:58.231449,2026-05-02T16:18:58.231449,petersonmiranda,5,Happen officer to simply as line quite husband.
Specialization: Archivist,4.0,David Randall,Evolve dynamic bandwidth,Course: Programmable interactive framework,2026-10-19T10:53:24.808770,1,2026-08-27T10:53:24.808770,2026-08-29T10:53:24.808770,jonathanlopez,5,Director record color product without happy.
Specialization: Radio producer,4.0,John Trujillo,Morph sticky networks,Course: Cross-group leadingedge matrices,2026-07-20T04:25:03.863422,2,2026-06-04T04:25:03.863422,2026-06-06T04:25:03.863422,brandonwilliams,5,Animal home race from question.
Specialization: Secondary school teacher,4.0,Megan Malone,Innovate one-to-one bandwidth,Course: Advanced human-resource adapter,2026-06-07T13:00:35.513084,4,2026-05-06T13:00:35.513084,2026-05-08T13:00:35.513084,murraytimothy,5,Account unit nothing no.
Specialization: Archivist,4.0,David Randall,Evolve dynamic bandwidth,Course: Right-sized global instruction set,2027-03-03T14:07:04.192181,3,2027-01-23T14:07:04.192181,2027-01-25T14:07:04.192181,william82,5,Realize everybody choose go long be simple fill tree strong.
"Specialization: Administrator, sports",4.8,Katherine Clayton,Seize 24/365 channels,Course: Quality-focused modular Internet solution,2027-03-22T00:38:28.365666,1,2027-01-28T00:38:28.365666,2027-01-30T00:38:28.365666,beth85,3,Eight range set consumer near low.
"Specialization: Engineer, biomedical",4.4,Eric Burton,Extend cutting-edge bandwidth,Course: Business-focused scalable superstructure,2027-03-10T21:10:44.288953,1,2027-01-16T21:10:44.288953,2027-01-18T21:10:44.288953,victor98,5,Hospital good kid allow ok imagine particular fear.
"Specialization: Teacher, music",4.0,Madison Burnett,Expedite web-enabled networks,Course: Front-line leadingedge hub,2026-11-30T01:22:19.900793,1,2026-10-08T01:22:19.900793,2026-10-10T01:22:19.900793,pattersonjacob,5,Create alone push south standard likely bag.
Specialization: Air traffic controller,4.3,Christopher Turner,Brand world-class vortals,Course: Optimized 3rdgeneration orchestration,2027-04-14T08:01:14.482131,1,2027-02-20T08:01:14.482131,2027-02-22T08:01:14.482131,christycolon,5,Around military table class how collection small serious relationship.
"Specialization: Designer, multimedia",4.3,Brad Gonzalez,Optimize enterprise action-items,Course: Stand-alone non-volatile circuit,2026-10-05T13:05:33.657496,2,2026-08-20T13:05:33.657496,2026-08-22T13:05:33.657496,brian98,5,Role suggest magazine east whatever step serve west heart.
"Specialization: Teacher, music",4.0,Jack Jackson,Engineer web-enabled networks,Course: Reduced composite application,2027-03-16T21:37:40.075731,1,2027-01-22T21:37:40.075731,2027-01-24T21:37:40.075731,ywilson,5,Technology scientist scene over green could young support include happy.
Specialization: Publishing copy,4.2,Brett Mendez,Utilize web-enabled paradigms,Course: Up-sized 6thgeneration paradigm,2026-07-02T05:46:55.077945,2,2026-05-17T05:46:55.077945,2026-05-19T05:46:55.077945,gonzalezjeremy,5,Challenge personal help decade make so walk ball.
Specialization: Operational researcher,4.0,Anthony Reynolds,Drive bricks-and-clicks architectures,Course: Down-sized user-facing moratorium,2027-05-29T04:43:38.341757,2,2027-04-13T04:43:38.341757,2027-04-15T04:43:38.341757,carlaguerra,5,Catch know food training image course.
Specialization: Air traffic controller,4.3,Lisa Gonzales,Leverage efficient infrastructures,Course: Multi-layered 3rdgeneration framework,2026-08-26T20:56:29.704685,4,2026-07-25T20:56:29.704685,2026-07-27T20:56:29.704685,ronaldruiz,2,Down poor face hot mother career those.
Specialization: Technical author,4.7,Misty Ingram,Architect bricks-and-clicks schemas,Course: Switchable zero tolerance frame,2027-06-05T20:35:28.741458,4,2027-05-04T20:35:28.741458,2027-05-06T20:35:28.741458,scarter,5,Relate election could ever information power light newspaper.
"Specialization: Engineer, biomedical",4.4,Dana King,Streamline distributed technologies,Course: Innovative executive artificial intelligence,2026-09-30T19:38:26.082040,1,2026-08-08T19:38:26.082040,2026-08-10T19:38:26.082040,vchase,3,Prove medical young authority environment high sense.
"Specialization: Therapist, occupational",4.9,Jennifer Roberts,Harness robust technologies,Course: Quality-focused zero administration software,2027-01-08T00:05:01.559195,2,2026-11-23T00:05:01.559195,2026-11-25T00:05:01.559195,kevinobrien,5,Should result third security ready important life onto.
Specialization: Dietitian,4.3,Jonathan Petersen,Generate magnetic models,Course: Self-enabling 4thgeneration flexibility,2026-08-10T22:50:15.345157,1,2026-06-18T22:50:15.345157,2026-06-20T22:50:15.345157,goodmanteresa,5,Outside about century ok president image radio employee compare.
Specialization: Air traffic controller,4.3,Lisa Gonzales,Leverage efficient infrastructures,Course: Multi-layered 3rdgeneration framework,2026-08-26T20:56:29.704685,1,2026-07-04T20:56:29.704685,2026-07-06T20:56:29.704685,alyssagibbs,5,Girl with rather travel term none staff piece what seat.
"Specialization: Therapist, occupational",4.9,Shaun Ward,Streamline dynamic platforms,Course: Streamlined disintermediate projection,2026-07-26T04:32:26.342112,1,2026-06-03T04:32:26.342112,2026-06-05T04:32:26.342112,christopher23,5,Herself safe perhaps property cold very woman.
Specialization: Operational researcher,4.0,Tiffany Lynch,Whiteboard dot-com markets,Course: Multi-layered upward-trending solution,2026-10-11T03:45:23.970842,1,2026-08-19T03:45:23.970842,2026-08-21T03:45:23.970842,john56,2,Out floor class yet control public.
"Specialization: Designer, multimedia",4.3,Sarah Hodges,Deliver viral deliverables,Course: Digitized tertiary matrix,2027-01-14T23:07:08.827124,3,2026-12-06T23:07:08.827124,2026-12-08T23:07:08.827124,aduncan,4,Possible alone marriage government say center federal hit.
"Specialization: Engineer, biomedical",4.4,Eric Burton,Extend cutting-edge bandwidth,Course: Stand-alone secondary initiative,2026-12-26T08:02:30.227710,3,2026-11-17T08:02:30.227710,2026-11-19T08:02:30.227710,markreeves,5,No administration president around health lay these push concern.
"Specialization: Therapist, occupational",4.9,Jennifer Roberts,Harness robust technologies,Course: Streamlined disintermediate projection,2026-07-26T04:32:26.342112,3,2026-06-17T04:32:26.342112,2026-06-19T04:32:26.342112,leekaren,4,Pressure among threat nice PM red news important nature.
"Specialization: Administrator, sports",4.8,David Conner,Orchestrate seamless methodologies,Course: Diverse systematic firmware,2026-09-28T23:22:42.748891,3,2026-08-20T23:22:42.748891,2026-08-22T23:22:42.748891,anthonysmith,3,Pattern well appear worry camera along perhaps hear particular others.
Specialization: Secondary school teacher,4.0,Christian Smith,Implement ubiquitous solutions,Course: Advanced human-resource adapter,2026-06-07T13:00:35.513084,4,2026-05-06T13:00:35.513084,2026-05-08T13:00:35.513084,michael52,5,Four fact dinner standard realize job investment number radio late indeed.
"Specialization: Teacher, music",4.0,Lauren Daniels,Leverage wireless e-markets,Course: User-centric homogeneous Graphical User Interface,2027-05-29T21:23:32.799574,4,2027-04-27T21:23:32.799574,2027-04-29T21:23:32.799574,warren82,5,Stay thus among apply thought scientist.
"Specialization: Designer, multimedia",4.3,Sarah Hodges,Deliver viral deliverables,Course: Digitized tertiary matrix,2027-01-14T23:07:08.827124,1,2026-11-22T23:07:08.827124,2026-11-24T23:07:08.827124,scott94,5,State wish whose join.
Specialization: Archivist,4.0,Melissa Sanchez,Synthesize extensible e-markets,Course: Future-proofed bandwidth-monitored time-frame,2026-08-01T12:09:08.524876,2,2026-06-16T12:09:08.524876,2026-06-18T12:09:08.524876,richard62,5,Including material care policy although art.
Specialization: Operational researcher,4.0,Anthony Reynolds,Drive bricks-and-clicks architectures,Course: Ergonomic interactive array,2027-01-20T18:18:34.548171,1,2026-11-28T18:18:34.548171,2026-11-30T18:18:34.548171,brownjames,5,Guy audience indicate affect majority once up.
"Specialization: Teacher, music",4.0,William Pearson,Incentivize interactive metrics,Course: Future-proofed intangible capacity,2027-05-29T17:41:33.233547,1,2027-04-06T17:41:33.233547,2027-04-08T17:41:33.233547,nelsonchristopher,4,Suffer around natural interest often region interview.
Specialization: Publishing copy,4.2,Daniel Martinez,Seize impactful portals,Course: Balanced contextually-based alliance,2027-02-20T20:01:08.017504,1,2026-12-29T20:01:08.017504,2026-12-31T20:01:08.017504,johnsimmons,5,Unit leave owner everything marriage though language understand picture.
Specialization: Air traffic controller,4.3,John Contreras,Embrace bleeding-edge deliverables,Course: Upgradable 24/7 circuit,2026-08-26T11:10:41.091448,2,2026-07-11T11:10:41.091448,2026-07-13T11:10:41.091448,ruthanderson,4,Site region concern none believe reach seek.
Specialization: Radio producer,4.0,Kelly Hayes,Aggregate strategic interfaces,Course: Object-based user-facing archive,2027-05-11T04:26:02.423184,2,2027-03-26T04:26:02.423184,2027-03-28T04:26:02.423184,turnermegan,5,Never one into none pretty audience west art.
Specialization: Archivist,4.0,Susan Barry,Strategize frictionless supply-chains,Course: Vision-oriented system-worthy budgetary management,2027-04-06T07:21:20.336422,3,2027-02-26T07:21:20.336422,2027-02-28T07:21:20.336422,williamanderson,4,Federal group generation go hand list.
Specialization: Technical author,4.7,Mr. Kyle Wright,Expedite 24/365 systems,Course: Ergonomic empowering initiative,2027-01-24T12:11:43.045341,3,2026-12-16T12:11:43.045341,2026-12-18T12:11:43.045341,baxterjessica,4,Trade man wait risk hour sing half sister look.
"Specialization: Teacher, music",4.0,David Robinson,Enable scalable portals,Course: Front-line leadingedge hub,2026-11-30T01:22:19.900793,4,2026-10-29T01:22:19.900793,2026-10-31T01:22:19.900793,unguyen,4,Recent one cup free visit upon.
Specialization: Archivist,4.0,David Randall,Evolve dynamic bandwidth,Course: Right-sized global instruction set,2027-03-03T14:07:04.192181,2,2027-01-16T14:07:04.192181,2027-01-18T14:07:04.192181,iwalker,4,During read foreign where face require scientist.
Specialization: Operational researcher,4.0,Tiffany Lynch,Whiteboard dot-com markets,Course: Integrated client-driven synergy,2026-12-09T08:08:41.675040,3,2026-10-31T08:08:41.675040,2026-11-02T08:08:41.675040,adamsvictoria,4,Toward act day huge door.
Specialization: Radio producer,4.0,Michael Roberts,Engage strategic convergence,Course: Optimized 6thgeneration capability,2027-01-14T13:51:31.935845,3,2026-12-06T13:51:31.935845,2026-12-08T13:51:31.935845,christina05,4,Consider truth particular eight entire war.
Specialization: Dietitian,4.3,Austin Green,Engage cross-platform architectures,Course: Distributed next generation matrices,2027-05-12T00:22:29.369155,2,2027-03-27T00:22:29.369155,2027-03-29T00:22:29.369155,ryanpowell,4,Dream policy statement over buy goal rich rule worry painting.
"Specialization: Administrator, sports",4.8,Jo James MD,Evolve next-generation synergies,Course: Upgradable web-enabled capacity,2027-01-14T07:23:04.306601,1,2026-11-22T07:23:04.306601,2026-11-24T07:23:04.306601,burchandre,4,Whom apply coach just prevent able when both hard suggest.
"Specialization: Engineer, aeronautical",4.9,Michelle Holmes,Deliver cross-platform solutions,Course: Fully-configurable 5thgeneration instruction set,2027-06-03T04:07:33.474432,3,2027-04-25T04:07:33.474432,2027-04-27T04:07:33.474432,chelseabush,5,Could war ok face peace media foot hand while.
Specialization: Operational researcher,4.0,Jonathan Turner,Optimize strategic deliverables,Course: Ergonomic interactive array,2027-01-20T18:18:34.548171,2,2026-12-05T18:18:34.548171,2026-12-07T18:18:34.548171,tsalas,5,Give top address player all course trade less.
"Specialization: Administrator, sports",4.8,Katherine Clayton,Seize 24/365 channels,Course: Reduced asymmetric capability,2026-11-04T18:39:58.632420,1,2026-09-12T18:39:58.632420,2026-09-14T18:39:58.632420,scox,5,Major carry government control improve move.
"Specialization: Engineer, biomedical",4.4,Dana King,Streamline distributed technologies,Course: Down-sized transitional moderator,2026-10-21T10:40:55.025889,4,2026-09-19T10:40:55.025889,2026-09-21T10:40:55.025889,umiller,5,Difficult mission different activity miss right.
"Specialization: Administrator, charities/voluntary organisations",4.5,Benjamin Aguilar,Envisioneer cross-media eyeballs,Course: Seamless fresh-thinking challenge,2026-09-05T12:56:25.413265,2,2026-07-21T12:56:25.413265,2026-07-23T12:56:25.413265,vanessamaldonado,5,Source rather even who which performance.
"Specialization: Teacher, music",4.0,Jack Jackson,Engineer web-enabled networks,Course: Reduced composite application,2027-03-16T21:37:40.075731,1,2027-01-22T21:37:40.075731,2027-01-24T21:37:40.075731,wagnerjorge,5,Its outside just leg open law ok game forward else.
Specialization: Publishing copy,4.2,Daniel Martinez,Seize impactful portals,Course: Balanced contextually-based alliance,2027-02-20T20:01:08.017504,3,2027-01-12T20:01:08.017504,2027-01-14T20:01:08.017504,smithdouglas,5,Lose since information find job support three language interesting nothing.
Specialization: Secondary school teacher,4.0,Dr. Timothy Martin DDS,Deliver value-added deliverables,Course: Visionary web-enabled complexity,2027-03-10T19:47:19.767566,4,2027-02-06T19:47:19.767566,2027-02-08T19:47:19.767566,jasonhuber,2,Suffer party social huge because economy employee reason physical.
Specialization: Publishing copy,4.2,Todd Williams,Benchmark world-class channels,Course: Balanced contextually-based alliance,2027-02-20T20:01:08.017504,1,2026-12-29T20:01:08.017504,2026-12-31T20:01:08.017504,seancontreras,5,Talk people entire right treat call study kid.
Specialization: Secondary school teacher,4.0,Dr. Timothy Martin DDS,Deliver value-added deliverables,Course: Visionary web-enabled complexity,2027-03-10T19:47:19.767566,3,2027-01-30T19:47:19.767566,2027-02-01T19:47:19.767566,owilkerson,5,Performance tonight film street attack cup someone sound skill.
Specialization: Radio producer,4.0,Michael Roberts,Engage strategic convergence,Course: Optimized 6thgeneration capability,2027-01-14T13:51:31.935845,3,2026-12-06T13:51:31.935845,2026-12-08T13:51:31.935845,hubbardeileen,4,First clearly medical boy reach outside.
"Specialization: Administrator, charities/voluntary organisations",4.5,Patricia Brown MD,Integrate dynamic mindshare,Course: Configurable upward-trending encryption,2026-10-23T02:24:38.426319,1,2026-08-31T02:24:38.426319,2026-09-02T02:24:38.426319,carol64,4,Center your begin special hand standard.
Specialization: Publishing copy,4.2,Melissa Roach,Embrace user-centric eyeballs,Course: Public-key upward-trending success,2027-03-12T19:38:31.785842,4,2027-02-08T19:38:31.785842,2027-02-10T19:38:31.785842,ryankirk,5,Church hour party fly identify style investment government thousand guy.
"Specialization: Designer, multimedia",4.3,Sarah Hodges,Deliver viral deliverables,Course: Fully-configurable modular synergy,2026-11-11T14:37:53.387493,1,2026-09-19T14:37:53.387493,2026-09-21T14:37:53.387493,anthonyharris,4,Wind pay into front seek television.
Specialization: Publishing copy,4.2,Victor Miller,Re-intermediate extensible e-business,Course: Triple-buffered regional complexity,2026-08-04T12:32:49.052381,3,2026-06-26T12:32:49.052381,2026-06-28T12:32:49.052381,ochoaana,5,Thought it stage charge center.
Specialization: Air traffic controller,4.3,Christopher Turner,Brand world-class vortals,Course: Optimized background productivity,2026-06-23T06:18:36.953361,2,2026-05-08T06:18:36.953361,2026-05-10T06:18:36.953361,teresa51,5,Learn could despite think response light agency they door use.
"Specialization: Designer, multimedia",4.3,Patricia King,Extend innovative roi,Course: Decentralized scalable encoding,2027-01-27T13:25:12.962480,3,2026-12-19T13:25:12.962480,2026-12-21T13:25:12.962480,cortezronald,5,Require forget be almost.
"Specialization: Therapist, occupational",4.9,Martha Thompson,Scale revolutionary metrics,Course: Profit-focused cohesive paradigm,2026-11-26T14:15:27.366700,4,2026-10-25T14:15:27.366700,2026-10-27T14:15:27.366700,mbarnett,5,With few bad business performance three prove everyone.
Specialization: Radio producer,4.0,John Trujillo,Morph sticky networks,Course: Extended upward-trending adapter,2026-10-22T02:21:50.998900,2,2026-09-06T02:21:50.998900,2026-09-08T02:21:50.998900,alexandra32,5,Ability discussion blood test Democrat difficult show check.
Specialization: Archivist,4.0,Melissa Sanchez,Synthesize extensible e-markets,Course: Future-proofed bandwidth-monitored time-frame,2026-08-01T12:09:08.524876,2,2026-06-16T12:09:08.524876,2026-06-18T12:09:08.524876,csmith,4,They blood task number wide matter make continue arrive never.
Specialization: Technical author,4.7,Mr. Kyle Wright,Expedite 24/365 systems,Course: Switchable zero tolerance frame,2027-06-05T20:35:28.741458,4,2027-05-04T20:35:28.741458,2027-05-06T20:35:28.741458,fraymond,4,Official agent find wrong moment them town though.
Specialization: Archivist,4.0,Melissa Sanchez,Synthesize extensible e-markets,Course: Programmable interactive framework,2026-10-19T10:53:24.808770,3,2026-09-10T10:53:24.808770,2026-09-12T10:53:24.808770,dwallace,3,Fact war six interesting forward life power.
Specialization: Dietitian,4.3,Jonathan Petersen,Generate magnetic models,Course: Realigned dedicated workforce,2026-07-26T21:47:20.980752,2,2026-06-10T21:47:20.980752,2026-06-12T21:47:20.980752,jmacias,5,Gas find responsibility mission prepare environmental media common state whole.
"Specialization: Therapist, occupational",4.9,Shaun Ward,Streamline dynamic platforms,Course: Multi-layered client-driven contingency,2026-08-31T00:06:17.906547,1,2026-07-09T00:06:17.906547,2026-07-11T00:06:17.906547,carolynreynolds,3,Go place seat player contain inside candidate unit start.
Specialization: Air traffic controller,4.3,Savannah Rich,Envisioneer leading-edge interfaces,Course: Function-based multi-tasking instruction set,2026-10-07T16:05:53.856978,1,2026-08-15T16:05:53.856978,2026-08-17T16:05:53.856978,ishelton,5,Ready edge state six concern mother once game admit.
Specialization: Publishing copy,4.2,Daniel Kelly,Expedite ubiquitous info-mediaries,Course: Team-oriented methodical website,2026-12-04T08:17:39.160293,4,2026-11-02T08:17:39.160293,2026-11-04T08:17:39.160293,shane91,3,Close around behind property Republican right behind.
"Specialization: Teacher, music",4.0,David Robinson,Enable scalable portals,Course: Front-line leadingedge hub,2026-11-30T01:22:19.900793,4,2026-10-29T01:22:19.900793,2026-10-31T01:22:19.900793,diane66,5,Certain protect whose reveal detail site store white.
"Specialization: Engineer, aeronautical",4.9,Kelly Avery,Scale holistic e-services,Course: Programmable grid-enabled definition,2027-03-03T07:27:12.312718,1,2027-01-09T07:27:12.312718,2027-01-11T07:27:12.312718,cookraymond,3,Stage yes way alone history reach tough agent.
"Specialization: Administrator, charities/voluntary organisations",4.5,Matthew Wagner,Whiteboard plug-and-play partnerships,Course: Extended attitude-oriented throughput,2026-06-23T23:30:49.193605,1,2026-05-01T23:30:49.193605,2026-05-03T23:30:49.193605,rcastro,5,Third quality service those family city seven field try.
Specialization: Operational researcher,4.0,Anthony Reynolds,Drive bricks-and-clicks architectures,Course: Down-sized user-facing moratorium,2027-05-29T04:43:38.341757,1,2027-04-06T04:43:38.341757,2027-04-08T04:43:38.341757,pauldillon,5,Eight decision structure adult energy would.
"Specialization: Designer, multimedia",4.3,Brad Gonzalez,Optimize enterprise action-items,Course: Digitized tertiary matrix,2027-01-14T23:07:08.827124,3,2026-12-06T23:07:08.827124,2026-12-08T23:07:08.827124,mark32,5,Game maybe believe bar or.
Specialization: Operational researcher,4.0,Barbara Washington,Syndicate intuitive technologies,Course: Face-to-face solution-oriented strategy,2026-10-28T13:26:28.046057,4,2026-09-26T13:26:28.046057,2026-09-28T13:26:28.046057,jonathandurham,3,Either all wide plant.
"Specialization: Engineer, biomedical",4.4,Erik Randolph,Disintermediate interactive models,Course: Innovative executive artificial intelligence,2026-09-30T19:38:26.082040,2,2026-08-15T19:38:26.082040,2026-08-17T19:38:26.082040,ffranklin,5,Probably eat or agreement air inside tonight.
Specialization: Publishing copy,4.2,Brett Mendez,Utilize web-enabled paradigms,Course: Up-sized 6thgeneration paradigm,2026-07-02T05:46:55.077945,2,2026-05-17T05:46:55.077945,2026-05-19T05:46:55.077945,cathy00,5,Religious control job top.
Specialization: Dietitian,4.3,Jonathan Petersen,Generate magnetic models,Course: Self-enabling secondary leverage,2027-05-09T15:28:48.386373,1,2027-03-17T15:28:48.386373,2027-03-19T15:28:48.386373,karenstevens,4,Different she institution miss change despite rate box involve.
Specialization: Archivist,4.0,Susan Barry,Strategize frictionless supply-chains,Course: Vision-oriented system-worthy budgetary management,2027-04-06T07:21:20.336422,3,2027-02-26T07:21:20.336422,2027-02-28T07:21:20.336422,gloriadennis,5,Program executive ground gun arrive system.
"Specialization: Administrator, charities/voluntary organisations",4.5,Taylor Gray,Evolve bricks-and-clicks markets,Course: Profit-focused responsive Graphic Interface,2027-01-10T00:12:44.552448,4,2026-12-09T00:12:44.552448,2026-12-11T00:12:44.552448,fstephens,4,Tell after eat me must senior various.
"Specialization: Therapist, occupational",4.9,Shaun Ward,Streamline dynamic platforms,Course: Multi-layered client-driven contingency,2026-08-31T00:06:17.906547,1,2026-07-09T00:06:17.906547,2026-07-11T00:06:17.906547,robinsonsamantha,5,Campaign last sign model traditional society line.
"Specialization: Administrator, sports",4.8,John Conner,Incentivize granular infrastructures,Course: Diverse systematic firmware,2026-09-28T23:22:42.748891,3,2026-08-20T23:22:42.748891,2026-08-22T23:22:42.748891,sanderselizabeth,5,Likely course reality future high air western development easy suggest.
"Specialization: Engineer, biomedical",4.4,Eric Burton,Extend cutting-edge bandwidth,Course: Stand-alone secondary initiative,2026-12-26T08:02:30.227710,2,2026-11-10T08:02:30.227710,2026-11-12T08:02:30.227710,kelsey49,4,Simple else act interest perhaps forget national step.
Specialization: Publishing copy,4.2,Todd Williams,Benchmark world-class channels,Course: Triple-buffered regional complexity,2026-08-04T12:32:49.052381,4,2026-07-03T12:32:49.052381,2026-07-05T12:32:49.052381,randy25,5,Boy big explain effort star similar.
"Specialization: Designer, multimedia",4.3,Sarah Hodges,Deliver viral deliverables,Course: Decentralized scalable encoding,2027-01-27T13:25:12.962480,2,2026-12-12T13:25:12.962480,2026-12-14T13:25:12.962480,lauren13,5,Vote study could born international five.
"Specialization: Therapist, occupational",4.9,Paula Harvey,Synergize e-business networks,Course: Multi-layered client-driven contingency,2026-08-31T00:06:17.906547,2,2026-07-16T00:06:17.906547,2026-07-18T00:06:17.906547,christophercox,5,Why moment operation whole different child any certain according single.
"Specialization: Administrator, charities/voluntary organisations",4.5,Taylor Gray,Evolve bricks-and-clicks markets,Course: Profit-focused responsive Graphic Interface,2027-01-10T00:12:44.552448,1,2026-11-18T00:12:44.552448,2026-11-20T00:12:44.552448,brianwilliams,5,Next her establish three real.
"Specialization: Designer, multimedia",4.3,Brad Gonzalez,Optimize enterprise action-items,Course: Digitized tertiary matrix,2027-01-14T23:07:08.827124,3,2026-12-06T23:07:08.827124,2026-12-08T23:07:08.827124,christensenmelinda,5,Store upon while news old.
"Specialization: Administrator, charities/voluntary organisations",4.5,Benjamin Heath,Incentivize extensible paradigms,Course: User-centric bandwidth-monitored focus group,2027-03-20T14:06:21.412209,4,2027-02-16T14:06:21.412209,2027-02-18T14:06:21.412209,james22,4,Without task garden according drug on.
"Specialization: Engineer, biomedical",4.4,Christopher Page,E-enable intuitive action-items,Course: Business-focused scalable superstructure,2027-03-10T21:10:44.288953,3,2027-01-30T21:10:44.288953,2027-02-01T21:10:44.288953,oroberts,5,According trial season business investment hard our see while.
"Specialization: Engineer, biomedical",4.4,David Johnson,Syndicate integrated functionalities,Course: Down-sized transitional moderator,2026-10-21T10:40:55.025889,1,2026-08-29T10:40:55.025889,2026-08-31T10:40:55.025889,catherinedowns,4,House generation western less top yourself land.
Specialization: Technical author,4.7,Mr. Kyle Wright,Expedite 24/365 systems,Course: Horizontal fault-tolerant functionalities,2026-07-19T17:37:56.213248,2,2026-06-03T17:37:56.213248,2026-06-05T17:37:56.213248,garciaelizabeth,4,Value technology reveal since institution growth main write store.
Specialization: Air traffic controller,4.3,John Contreras,Embrace bleeding-edge deliverables,Course: Upgradable 24/7 circuit,2026-08-26T11:10:41.091448,2,2026-07-11T11:10:41.091448,2026-07-13T11:10:41.091448,kenneth21,4,Keep ok field card thousand movement beyond always.
Specialization: Dietitian,4.3,Joseph Adams MD,Evolve extensible architectures,Course: Down-sized fault-tolerant moderator,2027-02-17T00:30:49.249726,2,2027-01-02T00:30:49.249726,2027-01-04T00:30:49.249726,henrysmith,5,Act kind behind tough marriage data everything.
Specialization: Dietitian,4.3,Jonathan Petersen,Generate magnetic models,Course: Distributed next generation matrices,2027-05-12T00:22:29.369155,1,2027-03-20T00:22:29.369155,2027-03-22T00:22:29.369155,noahjohnson,5,Opportunity side mean reason take today.
Specialization: Secondary school teacher,4.0,Dr. Timothy Martin DDS,Deliver value-added deliverables,Course: Monitored foreground open system,2026-12-27T01:52:40.503334,1,2026-11-04T01:52:40.503334,2026-11-06T01:52:40.503334,perkinsdavid,2,Know high although total even evening learn.
"Specialization: Administrator, sports",4.8,Katherine Clayton,Seize 24/365 channels,Course: Reduced asymmetric capability,2026-11-04T18:39:58.632420,1,2026-09-12T18:39:58.632420,2026-09-14T18:39:58.632420,santosdaniel,5,First hour hard answer candidate whom.
Specialization: Technical author,4.7,Mr. Kyle Wright,Expedite 24/365 systems,Course: Horizontal fault-tolerant functionalities,2026-07-19T17:37:56.213248,1,2026-05-27T17:37:56.213248,2026-05-29T17:37:56.213248,emilymoore,4,Country anyone safe computer hot produce condition force material.
Specialization: Air traffic controller,4.3,Lisa Gonzales,Leverage efficient infrastructures,Course: Multi-layered 3rdgeneration framework,2026-08-26T20:56:29.704685,3,2026-07-18T20:56:29.704685,2026-07-20T20:56:29.704685,rwilson,5,Game another continue easy sometimes level.
Specialization: Dietitian,4.3,Deborah Oconnell,Optimize magnetic infrastructures,Course: Self-enabling secondary leverage,2027-05-09T15:28:48.386373,4,2027-04-07T15:28:48.386373,2027-04-09T15:28:48.386373,lauren42,5,Make else this though rock truth network power.
"Specialization: Therapist, occupational",4.9,Shaun Ward,Streamline dynamic platforms,Course: Streamlined disintermediate projection,2026-07-26T04:32:26.342112,1,2026-06-03T04:32:26.342112,2026-06-05T04:32:26.342112,janice32,4,Purpose news house effect wall talk identify TV heart.
Specialization: Secondary school teacher,4.0,Chad Bell,Engineer plug-and-play users,Course: Visionary web-enabled complexity,2027-03-10T19:47:19.767566,1,2027-01-16T19:47:19.767566,2027-01-18T19:47:19.767566,cbaker,5,Fear away financial year career identify painting.
"Specialization: Administrator, sports",4.8,Michael Clarke,Maximize open-source infrastructures,Course: Horizontal human-resource software,2026-12-06T10:05:42.911073,2,2026-10-21T10:05:42.911073,2026-10-23T10:05:42.911073,amy40,5,Politics conference rather left feel hit everybody staff exist.
Specialization: Secondary school teacher,4.0,Chad Bell,Engineer plug-and-play users,Course: Visionary web-enabled complexity,2027-03-10T19:47:19.767566,2,2027-01-23T19:47:19.767566,2027-01-25T19:47:19.767566,bookerjacob,5,Cost any until theory century single.
Specialization: Archivist,4.0,Melissa Sanchez,Synthesize extensible e-markets,Course: Programmable interactive framework,2026-10-19T10:53:24.808770,3,2026-09-10T10:53:24.808770,2026-09-12T10:53:24.808770,deborah49,5,Notice community represent no mother tough approach test.
"Specialization: Administrator, sports",4.8,David Conner,Orchestrate seamless methodologies,Course: Quality-focused modular Internet solution,2027-03-22T00:38:28.365666,3,2027-02-11T00:38:28.365666,2027-02-13T00:38:28.365666,wharris,4,Industry tonight herself number sound college practice rather event notice.
Specialization: Publishing copy,4.2,Todd Williams,Benchmark world-class channels,Course: Balanced contextually-based alliance,2027-02-20T20:01:08.017504,3,2027-01-12T20:01:08.017504,2027-01-14T20:01:08.017504,christypierce,4,Exist unit expert notice big ball because.
Specialization: Operational researcher,4.0,Barbara Washington,Syndicate intuitive technologies,Course: Face-to-face solution-oriented strategy,2026-10-28T13:26:28.046057,3,2026-09-19T13:26:28.046057,2026-09-21T13:26:28.046057,ulawson,4,Ask under color son future yet southern look blue amount.
"Specialization: Engineer, aeronautical",4.9,Michelle Holmes,Deliver cross-platform solutions,Course: Fully-configurable 5thgeneration instruction set,2027-06-03T04:07:33.474432,1,2027-04-11T04:07:33.474432,2027-04-13T04:07:33.474432,andrewmartinez,2,Color each firm around wind table daughter.
"Specialization: Engineer, biomedical",4.4,Christopher Page,E-enable intuitive action-items,Course: Business-focused scalable superstructure,2027-03-10T21:10:44.288953,2,2027-01-23T21:10:44.288953,2027-01-25T21:10:44.288953,mrobinson,5,Tell hard seek guy receive quality add.
Specialization: Publishing copy,4.2,William Duran,Strategize out-of-the-box action-items,Course: Team-oriented methodical website,2026-12-04T08:17:39.160293,2,2026-10-19T08:17:39.160293,2026-10-21T08:17:39.160293,mariah14,5,Now age energy rest data notice raise head bag nothing.
Specialization: Archivist,4.0,David Randall,Evolve dynamic bandwidth,Course: Vision-oriented system-worthy budgetary management,2027-04-06T07:21:20.336422,1,2027-02-12T07:21:20.336422,2027-02-14T07:21:20.336422,rebekahlewis,4,Final would politics successful range him pay trade couple head.
"Specialization: Administrator, sports",4.8,Jo James MD,Evolve next-generation synergies,Course: Upgradable web-enabled capacity,2027-01-14T07:23:04.306601,2,2026-11-29T07:23:04.306601,2026-12-01T07:23:04.306601,jesusparsons,4,Seek her garden forward crime not various.
"Specialization: Engineer, aeronautical",4.9,Michelle Holmes,Deliver cross-platform solutions,Course: Fully-configurable 5thgeneration instruction set,2027-06-03T04:07:33.474432,3,2027-04-25T04:07:33.474432,2027-04-27T04:07:33.474432,sandrasmith,5,Best star remain yes effort interview claim run.
Specialization: Publishing copy,4.2,Melissa Roach,Embrace user-centric eyeballs,Course: Public-key upward-trending success,2027-03-12T19:38:31.785842,3,2027-02-01T19:38:31.785842,2027-02-03T19:38:31.785842,alyssastevenson,3,Term he make window physical.
"Specialization: Therapist, occupational",4.9,Shaun Ward,Streamline dynamic platforms,Course: Multi-layered client-driven contingency,2026-08-31T00:06:17.906547,3,2026-07-23T00:06:17.906547,2026-07-25T00:06:17.906547,millskayla,5,Hospital candidate side lay example new.
Specialization: Air traffic controller,4.3,Christopher Turner,Brand world-class vortals,Course: Optimized background productivity,2026-06-23T06:18:36.953361,4,2026-05-22T06:18:36.953361,2026-05-24T06:18:36.953361,obond,5,Road father world behind miss amount bring song exist.
Specialization: Archivist,4.0,David Randall,Evolve dynamic bandwidth,Course: Programmable interactive framework,2026-10-19T10:53:24.808770,4,2026-09-17T10:53:24.808770,2026-09-19T10:53:24.808770,gonzalezraymond,5,Among policy various seven less fine in citizen develop data.
Specialization: Publishing copy,4.2,Daniel Kelly,Expedite ubiquitous info-mediaries,Course: Team-oriented methodical website,2026-12-04T08:17:39.160293,4,2026-11-02T08:17:39.160293,2026-11-04T08:17:39.160293,ryanamanda,5,Candidate office situation could visit class fast upon through.
"Specialization: Administrator, sports",4.8,Katherine Clayton,Seize 24/365 channels,Course: Horizontal human-resource software,2026-12-06T10:05:42.911073,3,2026-10-28T10:05:42.911073,2026-10-30T10:05:42.911073,ahammond,5,Stage staff example develop look civil develop pressure.
"Specialization: Therapist, occupational",4.9,Shaun Ward,Streamline dynamic platforms,Course: Streamlined disintermediate projection,2026-07-26T04:32:26.342112,2,2026-06-10T04:32:26.342112,2026-06-12T04:32:26.342112,christianjoshua,5,Door officer assume too treat how former.
Specialization: Radio producer,4.0,Carmen Lewis,Transform synergistic roi,Course: Optimized 6thgeneration capability,2027-01-14T13:51:31.935845,3,2026-12-06T13:51:31.935845,2026-12-08T13:51:31.935845,eric61,5,Nor measure international modern century easy effort run word quite.
"Specialization: Administrator, sports",4.8,Raymond Kelley,Grow 24/365 e-markets,Course: Upgradable web-enabled capacity,2027-01-14T07:23:04.306601,3,2026-12-06T07:23:04.306601,2026-12-08T07:23:04.306601,jessicavincent,4,Rate local give leader apply according safe voice him home.
Specialization: Operational researcher,4.0,Jonathan Turner,Optimize strategic deliverables,Course: Ergonomic interactive array,2027-01-20T18:18:34.548171,4,2026-12-19T18:18:34.548171,2026-12-21T18:18:34.548171,ronaldsanders,3,Inside hospital second nature move you good wonder.
Specialization: Publishing copy,4.2,Darlene Cordova,Synergize e-business content,Course: Team-oriented methodical website,2026-12-04T08:17:39.160293,3,2026-10-26T08:17:39.160293,2026-10-28T08:17:39.160293,valerie86,5,Outside why space group low.
"Specialization: Designer, multimedia",4.3,Hannah Murray,Brand open-source eyeballs,Course: Triple-buffered exuding migration,2026-06-22T16:18:58.231449,1,2026-04-30T16:18:58.231449,2026-05-02T16:18:58.231449,gonzalesamber,5,We full nor fast of choice actually hope simple though.
Specialization: Publishing copy,4.2,William Duran,Strategize out-of-the-box action-items,Course: Team-oriented methodical website,2026-12-04T08:17:39.160293,3,2026-10-26T08:17:39.160293,2026-10-28T08:17:39.160293,jackfrank,4,Exactly season run church others prevent collection somebody husband task.
Specialization: Dietitian,4.3,Alicia Goodwin,Repurpose distributed experiences,Course: Self-enabling secondary leverage,2027-05-09T15:28:48.386373,4,2027-04-07T15:28:48.386373,2027-04-09T15:28:48.386373,harrislarry,5,Special pull beautiful follow it.
Specialization: Technical author,4.7,Jill Jones,Drive strategic info-mediaries,Course: Horizontal fault-tolerant functionalities,2026-07-19T17:37:56.213248,2,2026-06-03T17:37:56.213248,2026-06-05T17:37:56.213248,zday,5,Side choose administration too condition study newspaper.
Specialization: Radio producer,4.0,Erin Rogers,Envisioneer scalable roi,Course: Cross-group leadingedge matrices,2026-07-20T04:25:03.863422,3,2026-06-11T04:25:03.863422,2026-06-13T04:25:03.863422,bbailey,5,Common arrive start nice fish meeting write plan happen perhaps.
"Specialization: Engineer, aeronautical",4.9,Kelly Avery,Scale holistic e-services,Course: Programmable grid-enabled definition,2027-03-03T07:27:12.312718,2,2027-01-16T07:27:12.312718,2027-01-18T07:27:12.312718,joseph42,4,Party evening community of help fight describe special nearly hundred.
Specialization: Publishing copy,4.2,Victor Miller,Re-intermediate extensible e-business,Course: Triple-buffered regional complexity,2026-08-04T12:32:49.052381,4,2026-07-03T12:32:49.052381,2026-07-05T12:32:49.052381,xrichardson,5,Administration by debate feel author unit conference simple door add young.
Specialization: Air traffic controller,4.3,Teresa Preston,Cultivate b2c networks,Course: Optimized 3rdgeneration orchestration,2027-04-14T08:01:14.482131,3,2027-03-06T08:01:14.482131,2027-03-08T08:01:14.482131,donald43,3,Important laugh improve end again seven trip property conference.
Specialization: Secondary school teacher,4.0,Megan Malone,Innovate one-to-one bandwidth,Course: Advanced human-resource adapter,2026-06-07T13:00:35.513084,4,2026-05-06T13:00:35.513084,2026-05-08T13:00:35.513084,josefranklin,4,Billion food attention each positive institution material yes computer.
Specialization: Air traffic controller,4.3,Christopher Turner,Brand world-class vortals,Course: Optimized 3rdgeneration orchestration,2027-04-14T08:01:14.482131,2,2027-02-27T08:01:14.482131,2027-03-01T08:01:14.482131,john76,5,Usually team charge put community.
"Specialization: Administrator, charities/voluntary organisations",4.5,Benjamin Heath,Incentivize extensible paradigms,Course: User-centric bandwidth-monitored focus group,2027-03-20T14:06:21.412209,4,2027-02-16T14:06:21.412209,2027-02-18T14:06:21.412209,christina97,5,Write lead degree fall science shake.
Specialization: Publishing copy,4.2,William Duran,Strategize out-of-the-box action-items,Course: Team-oriented methodical website,2026-12-04T08:17:39.160293,3,2026-10-26T08:17:39.160293,2026-10-28T08:17:39.160293,jameshopkins,3,Maybe success member save area whose answer rule.
Specialization: Secondary school teacher,4.0,Christian Smith,Implement ubiquitous solutions,Course: Pre-emptive regional website,2027-02-08T01:47:30.641886,4,2027-01-07T01:47:30.641886,2027-01-09T01:47:30.641886,martinezsteven,4,Nothing against rise company walk never everybody billion decide hit claim.
"Specialization: Engineer, aeronautical",4.9,Kelly Avery,Scale holistic e-services,Course: Down-sized didactic extranet,2027-05-14T15:08:29.961452,2,2027-03-29T15:08:29.961452,2027-03-31T15:08:29.961452,eric87,5,New that our concern home animal tough political so.
"Specialization: Therapist, occupational",4.9,Jennifer Roberts,Harness robust technologies,Course: Streamlined disintermediate projection,2026-07-26T04:32:26.342112,1,2026-06-03T04:32:26.342112,2026-06-05T04:32:26.342112,jenniferkeller,5,Us own air attention change cost establish indicate cell consider stay.
"Specialization: Therapist, occupational",4.9,Jennifer Roberts,Harness robust technologies,Course: Quality-focused zero administration software,2027-01-08T00:05:01.559195,2,2026-11-23T00:05:01.559195,2026-11-25T00:05:01.559195,rosssharon,5,Similar crime term involve.
"Specialization: Administrator, charities/voluntary organisations",4.5,Taylor Gray,Evolve bricks-and-clicks markets,Course: Profit-focused responsive Graphic Interface,2027-01-10T00:12:44.552448,2,2026-11-25T00:12:44.552448,2026-11-27T00:12:44.552448,millermichael,5,Almost form study collection job rock great.
Specialization: Publishing copy,4.2,Daniel Martinez,Seize impactful portals,Course: Up-sized 6thgeneration paradigm,2026-07-02T05:46:55.077945,1,2026-05-10T05:46:55.077945,2026-05-12T05:46:55.077945,shannon26,5,Read win mouth particular development huge.
"Specialization: Therapist, occupational",4.9,Martha Thompson,Scale revolutionary metrics,Course: Profit-focused cohesive paradigm,2026-11-26T14:15:27.366700,4,2026-10-25T14:15:27.366700,2026-10-27T14:15:27.366700,kevincarrillo,4,Myself since political artist movie two do energy attention ago.
"Specialization: Engineer, biomedical",4.4,Christopher Page,E-enable intuitive action-items,Course: Business-focused scalable superstructure,2027-03-10T21:10:44.288953,3,2027-01-30T21:10:44.288953,2027-02-01T21:10:44.288953,wdean,5,Offer box quite tree little.
"Specialization: Engineer, aeronautical",4.9,Richard Crawford,Transform intuitive bandwidth,Course: Fully-configurable 5thgeneration instruction set,2027-06-03T04:07:33.474432,4,2027-05-02T04:07:33.474432,2027-05-04T04:07:33.474432,jennifer58,5,Yeah job bank education side remain current.
Specialization: Technical author,4.7,Misty Ingram,Architect bricks-and-clicks schemas,Course: Horizontal fault-tolerant functionalities,2026-07-19T17:37:56.213248,4,2026-06-17T17:37:56.213248,2026-06-19T17:37:56.213248,joseph05,5,Learn officer voice something would relationship major direction tree.
Specialization: Radio producer,4.0,Carmen Lewis,Transform synergistic roi,Course: Integrated mission-critical moratorium,2026-07-26T05:20:37.057204,2,2026-06-10T05:20:37.057204,2026-06-12T05:20:37.057204,ryanmoore,4,Night station where inside wide six dog point.
"Specialization: Administrator, sports",4.8,Michael Clarke,Maximize open-source infrastructures,Course: Horizontal human-resource software,2026-12-06T10:05:42.911073,3,2026-10-28T10:05:42.911073,2026-10-30T10:05:42.911073,devon15,1,Mission serve agency bag officer whole.
"Specialization: Engineer, biomedical",4.4,Dana King,Streamline distributed technologies,Course: Innovative executive artificial intelligence,2026-09-30T19:38:26.082040,4,2026-08-29T19:38:26.082040,2026-08-31T19:38:26.082040,sara32,5,Operation computer few resource moment rock better field when.
Specialization: Technical author,4.7,Mr. Kyle Wright,Expedite 24/365 systems,Course: Horizontal fault-tolerant functionalities,2026-07-19T17:37:56.213248,3,2026-06-10T17:37:56.213248,2026-06-12T17:37:56.213248,judy57,5,Purpose another radio a force mind morning along establish discuss.
Specialization: Radio producer,4.0,Alyssa Cruz,Iterate customized e-business,Course: Object-based user-facing archive,2027-05-11T04:26:02.423184,1,2027-03-19T04:26:02.423184,2027-03-21T04:26:02.423184,williamsjulie,3,Particular director teach especially political each effort away.
"Specialization: Therapist, occupational",4.9,Jason Mcgee,Unleash customized info-mediaries,Course: Programmable disintermediate emulation,2027-02-24T03:36:46.675022,3,2027-01-16T03:36:46.675022,2027-01-18T03:36:46.675022,jessicabyrd,5,Class poor fund establish girl year several consumer skill.
"Specialization: Teacher, music",4.0,Madison Burnett,Expedite web-enabled networks,Course: Reduced composite application,2027-03-16T21:37:40.075731,4,2027-02-12T21:37:40.075731,2027-02-14T21:37:40.075731,zmoore,5,Continue citizen state second recently little turn.
"Specialization: Therapist, occupational",4.9,Jason Mcgee,Unleash customized info-mediaries,Course: Programmable disintermediate emulation,2027-02-24T03:36:46.675022,2,2027-01-09T03:36:46.675022,2027-01-11T03:36:46.675022,cindyhughes,5,Little nearly after field catch PM garden long.
Specialization: Secondary school teacher,4.0,Dr. Timothy Martin DDS,Deliver value-added deliverables,Course: Monitored foreground open system,2026-12-27T01:52:40.503334,2,2026-11-11T01:52:40.503334,2026-11-13T01:52:40.503334,brooke11,4,Prepare successful others worker expert until high position page arrive.
Specialization: Publishing copy,4.2,Daniel Kelly,Expedite ubiquitous info-mediaries,Course: Team-oriented methodical website,2026-12-04T08:17:39.160293,2,2026-10-19T08:17:39.160293,2026-10-21T08:17:39.160293,richard10,5,Character character full whose entire rock adult upon reflect.
"Specialization: Engineer, biomedical",4.4,David Johnson,Syndicate integrated functionalities,Course: Down-sized transitional moderator,2026-10-21T10:40:55.025889,3,2026-09-12T10:40:55.025889,2026-09-14T10:40:55.025889,michael96,3,Learn interesting great game true world movie.
"Specialization: Designer, multimedia",4.3,Brad Gonzalez,Optimize enterprise action-items,Course: Digitized tertiary matrix,2027-01-14T23:07:08.827124,1,2026-11-22T23:07:08.827124,2026-11-24T23:07:08.827124,benjamin29,1,Guess ten small try safe apply guy understand serve organization.
"Specialization: Administrator, charities/voluntary organisations",4.5,Benjamin Heath,Incentivize extensible paradigms,Course: User-centric bandwidth-monitored focus group,2027-03-20T14:06:21.412209,3,2027-02-09T14:06:21.412209,2027-02-11T14:06:21.412209,carol01,5,Writer rock section can actually sign part charge.
Specialization: Air traffic controller,4.3,Christopher Turner,Brand world-class vortals,Course: Optimized 3rdgeneration orchestration,2027-04-14T08:01:14.482131,4,2027-03-13T08:01:14.482131,2027-03-15T08:01:14.482131,benjaminlewis,5,Us head sign seek which under term worry ago.
Specialization: Publishing copy,4.2,Daniel Kelly,Expedite ubiquitous info-mediaries,Course: Triple-buffered regional complexity,2026-08-04T12:32:49.052381,1,2026-06-12T12:32:49.052381,2026-06-14T12:32:49.052381,kellywang,4,Summer decision sense while shake reach section arm theory world.
Specialization: Archivist,4.0,Susan Barry,Strategize frictionless supply-chains,Course: Vision-oriented system-worthy budgetary management,2027-04-06T07:21:20.336422,2,2027-02-19T07:21:20.336422,2027-02-21T07:21:20.336422,keytiffany,5,It short my really moment sound whose mouth continue pull watch.
Specialization: Air traffic controller,4.3,Dana Phillips,Strategize interactive schemas,Course: Optimized background productivity,2026-06-23T06:18:36.953361,2,2026-05-08T06:18:36.953361,2026-05-10T06:18:36.953361,chadcherry,4,Middle detail national my threat cut child store.
Specialization: Air traffic controller,4.3,Dana Phillips,Strategize interactive schemas,Course: Upgradable 24/7 circuit,2026-08-26T11:10:41.091448,3,2026-07-18T11:10:41.091448,2026-07-20T11:10:41.091448,glenn98,4,Front summer spend tax official catch shoulder coach cell.
"Specialization: Designer, multimedia",4.3,Colton Underwood,Optimize cross-media deliverables,Course: Stand-alone non-volatile circuit,2026-10-05T13:05:33.657496,4,2026-09-03T13:05:33.657496,2026-09-05T13:05:33.657496,bmedina,3,Attention five raise laugh understand about.
Specialization: Archivist,4.0,David Randall,Evolve dynamic bandwidth,Course: Right-sized global instruction set,2027-03-03T14:07:04.192181,2,2027-01-16T14:07:04.192181,2027-01-18T14:07:04.192181,parkerrobert,5,Say sit standard card result speak whose.
"Specialization: Therapist, occupational",4.9,Shaun Ward,Streamline dynamic platforms,Course: Programmable disintermediate emulation,2027-02-24T03:36:46.675022,2,2027-01-09T03:36:46.675022,2027-01-11T03:36:46.675022,aporter,2,Office media education say serve piece suggest plant.
"Specialization: Engineer, aeronautical",4.9,Jessica Williamson,Revolutionize enterprise architectures,Course: Reduced real-time neural-net,2027-05-07T23:37:35.688586,2,2027-03-22T23:37:35.688586,2027-03-24T23:37:35.688586,collinsrobin,5,No these administration own save film blue family program hospital hotel.
Specialization: Radio producer,4.0,Kelly Hayes,Aggregate strategic interfaces,Course: Object-based user-facing archive,2027-05-11T04:26:02.423184,1,2027-03-19T04:26:02.423184,2027-03-21T04:26:02.423184,danielhurst,5,Evening assume owner forward say.
Specialization: Dietitian,4.3,Austin Green,Engage cross-platform architectures,Course: Down-sized fault-tolerant moderator,2027-02-17T00:30:49.249726,3,2027-01-09T00:30:49.249726,2027-01-11T00:30:49.249726,tiffany13,5,Anyone board ok assume prevent player shoulder center whether professional.
"Specialization: Administrator, charities/voluntary organisations",4.5,Jack Ward,Integrate interactive e-commerce,Course: Seamless fresh-thinking challenge,2026-09-05T12:56:25.413265,3,2026-07-28T12:56:25.413265,2026-07-30T12:56:25.413265,kmathis,5,Leave wear hundred player travel oil hour increase.
Specialization: Publishing copy,4.2,Todd Williams,Benchmark world-class channels,Course: Triple-buffered regional complexity,2026-08-04T12:32:49.052381,2,2026-06-19T12:32:49.052381,2026-06-21T12:32:49.052381,freemanrichard,5,Lead notice from the drive president.
"Specialization: Administrator, sports",4.8,Katherine Clayton,Seize 24/365 channels,Course: Quality-focused modular Internet solution,2027-03-22T00:38:28.365666,1,2027-01-28T00:38:28.365666,2027-01-30T00:38:28.365666,jason11,4,Herself yes up sister doctor woman.
Specialization: Operational researcher,4.0,Barbara Washington,Syndicate intuitive technologies,Course: Face-to-face solution-oriented strategy,2026-10-28T13:26:28.046057,2,2026-09-12T13:26:28.046057,2026-09-14T13:26:28.046057,fjohnson,4,Poor wear appear each value where store what cup.
"Specialization: Administrator, sports",4.8,David Conner,Orchestrate seamless methodologies,Course: Quality-focused modular Internet solution,2027-03-22T00:38:28.365666,4,2027-02-18T00:38:28.365666,2027-02-20T00:38:28.365666,kathryn43,5,Thought treat poor less fill member attorney.
"Specialization: Administrator, sports",4.8,Katherine Clayton,Seize 24/365 channels,Course: Reduced asymmetric capability,2026-11-04T18:39:58.632420,1,2026-09-12T18:39:58.632420,2026-09-14T18:39:58.632420,brandon96,5,Product although front never win to analysis.
Specialization: Publishing copy,4.2,Darlene Cordova,Synergize e-business content,Course: Team-oriented methodical website,2026-12-04T08:17:39.160293,1,2026-10-12T08:17:39.160293,2026-10-14T08:17:39.160293,waltonsara,5,Item police his believe level.
Specialization: Dietitian,4.3,Jonathan Petersen,Generate magnetic models,Course: Self-enabling 4thgeneration flexibility,2026-08-10T22:50:15.345157,3,2026-07-02T22:50:15.345157,2026-07-04T22:50:15.345157,david56,5,Necessary make understand just side discussion allow do his cold Mr.
"Specialization: Designer, multimedia",4.3,Wyatt Johnson,Leverage next-generation info-mediaries,Course: Triple-buffered exuding migration,2026-06-22T16:18:58.231449,4,2026-05-21T16:18:58.231449,2026-05-23T16:18:58.231449,hernandezdana,4,Approach food room claim provide friend produce project we good.
Specialization: Secondary school teacher,4.0,Chad Bell,Engineer plug-and-play users,Course: Visionary web-enabled complexity,2027-03-10T19:47:19.767566,3,2027-01-30T19:47:19.767566,2027-02-01T19:47:19.767566,xryan,5,Range black bad site also evening common ago.
Specialization: Secondary school teacher,4.0,Christopher Smith,Empower mission-critical networks,Course: Compatible empowering matrices,2027-02-22T16:09:07.853571,2,2027-01-07T16:09:07.853571,2027-01-09T16:09:07.853571,gbautista,4,Their a near institution daughter.
Specialization: Publishing copy,4.2,Daniel Kelly,Expedite ubiquitous info-mediaries,Course: Team-oriented methodical website,2026-12-04T08:17:39.160293,1,2026-10-12T08:17:39.160293,2026-10-14T08:17:39.160293,sherri44,4,Fire music enough your recognize capital whether new type current.
"Specialization: Designer, multimedia",4.3,Colton Underwood,Optimize cross-media deliverables,Course: Fully-configurable modular synergy,2026-11-11T14:37:53.387493,1,2026-09-19T14:37:53.387493,2026-09-21T14:37:53.387493,johnreese,5,Land return husband against long fish amount class huge experience.
Specialization: Dietitian,4.3,Austin Green,Engage cross-platform architectures,Course: Realigned dedicated workforce,2026-07-26T21:47:20.980752,1,2026-06-03T21:47:20.980752,2026-06-05T21:47:20.980752,susanhays,5,Play maintain end move election factor house style Mr your.
"Specialization: Engineer, biomedical",4.4,Eric Burton,Extend cutting-edge bandwidth,Course: Business-focused scalable superstructure,2027-03-10T21:10:44.288953,1,2027-01-16T21:10:44.288953,2027-01-18T21:10:44.288953,cynthia40,5,Back natural popular assume ready spend.
Specialization: Radio producer,4.0,Michael Roberts,Engage strategic convergence,Course: Optimized 6thgeneration capability,2027-01-14T13:51:31.935845,4,2026-12-13T13:51:31.935845,2026-12-15T13:51:31.935845,ramirezgina,4,Force charge hour in reason thing whatever conference control.
"Specialization: Administrator, sports",4.8,Katherine Clayton,Seize 24/365 channels,Course: Reduced asymmetric capability,2026-11-04T18:39:58.632420,1,2026-09-12T18:39:58.632420,2026-09-14T18:39:58.632420,mckeeleon,5,History fund air night suddenly.
"Specialization: Teacher, music",4.0,David Robinson,Enable scalable portals,Course: Future-proofed intangible capacity,2027-05-29T17:41:33.233547,1,2027-04-06T17:41:33.233547,2027-04-08T17:41:33.233547,brian85,3,Nice fund black everything particularly much low forward meeting others itself.
"Specialization: Administrator, sports",4.8,David Conner,Orchestrate seamless methodologies,Course: Diverse systematic firmware,2026-09-28T23:22:42.748891,4,2026-08-27T23:22:42.748891,2026-08-29T23:22:42.748891,iroberts,5,Edge relate himself worker here control low everyone arrive.
"Specialization: Engineer, aeronautical",4.9,Kelly Avery,Scale holistic e-services,Course: Down-sized didactic extranet,2027-05-14T15:08:29.961452,1,2027-03-22T15:08:29.961452,2027-03-24T15:08:29.961452,natasha64,4,Remain walk think of edge sing much from.
Specialization: Archivist,4.0,Susan Barry,Strategize frictionless supply-chains,Course: Vision-oriented system-worthy budgetary management,2027-04-06T07:21:20.336422,3,2027-02-26T07:21:20.336422,2027-02-28T07:21:20.336422,douglasrobyn,5,Research painting behavior speech itself ability vote service fire.
Specialization: Radio producer,4.0,Carmen Lewis,Transform synergistic roi,Course: Integrated mission-critical moratorium,2026-07-26T05:20:37.057204,2,2026-06-10T05:20:37.057204,2026-06-12T05:20:37.057204,scottkathleen,3,Son challenge Democrat child bad significant message suffer whom.
"Specialization: Engineer, aeronautical",4.9,Jessica Williamson,Revolutionize enterprise architectures,Course: Reduced real-time neural-net,2027-05-07T23:37:35.688586,4,2027-04-05T23:37:35.688586,2027-04-07T23:37:35.688586,christopher18,4,Officer resource newspaper government style scientist agreement century whom.
"Specialization: Administrator, sports",4.8,John Conner,Incentivize granular infrastructures,Course: Diverse systematic firmware,2026-09-28T23:22:42.748891,1,2026-08-06T23:22:42.748891,2026-08-08T23:22:42.748891,schneiderjulie,5,If act stay activity family move meeting change everybody professional information.
Specialization: Air traffic controller,4.3,Dana Phillips,Strategize interactive schemas,Course: Multi-layered 3rdgeneration framework,2026-08-26T20:56:29.704685,3,2026-07-18T20:56:29.704685,2026-07-20T20:56:29.704685,hansennicole,5,Check other candidate door probably civil customer.
"Specialization: Administrator, sports",4.8,Raymond Kelley,Grow 24/365 e-markets,Course: Upgradable web-enabled capacity,2027-01-14T07:23:04.306601,1,2026-11-22T07:23:04.306601,2026-11-24T07:23:04.306601,alexander22,3,Amount in factor will.
Specialization: Publishing copy,4.2,Darlene Cordova,Synergize e-business content,Course: Team-oriented methodical website,2026-12-04T08:17:39.160293,4,2026-11-02T08:17:39.160293,2026-11-04T08:17:39.160293,stevensrobert,4,Ago forget field street believe.
"Specialization: Administrator, charities/voluntary organisations",4.5,Benjamin Aguilar,Envisioneer cross-media eyeballs,Course: Seamless fresh-thinking challenge,2026-09-05T12:56:25.413265,3,2026-07-28T12:56:25.413265,2026-07-30T12:56:25.413265,kevin48,4,Myself economic thousand case least source explain red.
Specialization: Secondary school teacher,4.0,Chad Bell,Engineer plug-and-play users,Course: Pre-emptive regional website,2027-02-08T01:47:30.641886,3,2026-12-31T01:47:30.641886,2027-01-02T01:47:30.641886,robert63,5,Bank born democratic moment music rate individual.
Specialization: Archivist,4.0,Susan Barry,Strategize frictionless supply-chains,Course: Future-proofed bandwidth-monitored time-frame,2026-08-01T12:09:08.524876,2,2026-06-16T12:09:08.524876,2026-06-18T12:09:08.524876,antonio70,3,Technology heart population arrive into onto activity.
"Specialization: Teacher, music",4.0,Jack Jackson,Engineer web-enabled networks,Course: Future-proofed intangible capacity,2027-05-29T17:41:33.233547,3,2027-04-20T17:41:33.233547,2027-04-22T17:41:33.233547,randrews,5,Writer surface remember job possible.
"Specialization: Engineer, aeronautical",4.9,Kelly Avery,Scale holistic e-services,Course: Down-sized didactic extranet,2027-05-14T15:08:29.961452,4,2027-04-12T15:08:29.961452,2027-04-14T15:08:29.961452,baileycody,4,Guy wide reality fall western day degree.
"Specialization: Engineer, aeronautical",4.9,Jon Powers,Enhance distributed systems,Course: Polarized asynchronous knowledgebase,2026-10-18T19:22:29.090991,2,2026-09-02T19:22:29.090991,2026-09-04T19:22:29.090991,kenneth24,5,Whom dinner be poor year.
"Specialization: Teacher, music",4.0,Madison Burnett,Expedite web-enabled networks,Course: Reduced composite application,2027-03-16T21:37:40.075731,2,2027-01-29T21:37:40.075731,2027-01-31T21:37:40.075731,ofields,5,Science government increase Mrs different huge imagine.
"Specialization: Designer, multimedia",4.3,Hannah Murray,Brand open-source eyeballs,Course: Triple-buffered exuding migration,2026-06-22T16:18:58.231449,2,2026-05-07T16:18:58.231449,2026-05-09T16:18:58.231449,danielle25,5,Few need fast message food treatment here.
"Specialization: Designer, multimedia",4.3,Colton Underwood,Optimize cross-media deliverables,Course: Stand-alone non-volatile circuit,2026-10-05T13:05:33.657496,4,2026-09-03T13:05:33.657496,2026-09-05T13:05:33.657496,gilesrichard,5,Reality part two mind short establish true factor item.
Specialization: Technical author,4.7,Mr. Kyle Wright,Expedite 24/365 systems,Course: Switchable zero tolerance frame,2027-06-05T20:35:28.741458,4,2027-05-04T20:35:28.741458,2027-05-06T20:35:28.741458,darinhubbard,4,Work lot truth play manage evening huge fear region great.
"Specialization: Administrator, sports",4.8,David Conner,Orchestrate seamless methodologies,Course: Diverse systematic firmware,2026-09-28T23:22:42.748891,1,2026-08-06T23:22:42.748891,2026-08-08T23:22:42.748891,djohnson,5,Agree step you get option about action collection.
Specialization: Dietitian,4.3,Joseph Adams MD,Evolve extensible architectures,Course: Down-sized fault-tolerant moderator,2027-02-17T00:30:49.249726,1,2026-12-26T00:30:49.249726,2026-12-28T00:30:49.249726,jennifermeadows,5,Child smile throw history heavy safe.
Specialization: Air traffic controller,4.3,Sheila Myers,Incubate interactive methodologies,Course: Function-based multi-tasking instruction set,2026-10-07T16:05:53.856978,3,2026-08-29T16:05:53.856978,2026-08-31T16:05:53.856978,williamskelly,3,Above manage whom read success process start.
"Specialization: Engineer, biomedical",4.4,Eric Burton,Extend cutting-edge bandwidth,Course: Stand-alone secondary initiative,2026-12-26T08:02:30.227710,4,2026-11-24T08:02:30.227710,2026-11-26T08:02:30.227710,adamstiffany,5,Admit green red center factor strategy.
Specialization: Radio producer,4.0,Carmen Lewis,Transform synergistic roi,Course: Integrated mission-critical moratorium,2026-07-26T05:20:37.057204,1,2026-06-03T05:20:37.057204,2026-06-05T05:20:37.057204,kdavis,4,Value senior too person hear would through travel.
"Specialization: Administrator, charities/voluntary organisations",4.5,Patricia Brown MD,Integrate dynamic mindshare,Course: Configurable upward-trending encryption,2026-10-23T02:24:38.426319,4,2026-09-21T02:24:38.426319,2026-09-23T02:24:38.426319,anthonysharon,4,Exist set argue poor staff.
Specialization: Dietitian,4.3,William Peterson,Enable compelling e-commerce,Course: Distributed next generation matrices,2027-05-12T00:22:29.369155,1,2027-03-20T00:22:29.369155,2027-03-22T00:22:29.369155,samuelarellano,5,Need method whose truth customer.
"Specialization: Administrator, charities/voluntary organisations",4.5,Jack Ward,Integrate interactive e-commerce,Course: Configurable upward-trending encryption,2026-10-23T02:24:38.426319,4,2026-09-21T02:24:38.426319,2026-09-23T02:24:38.426319,kimberlyconner,5,Crime send authority summer team oil matter small western drop.
"Specialization: Therapist, occupational",4.9,Jennifer Roberts,Harness robust technologies,Course: Streamlined disintermediate projection,2026-07-26T04:32:26.342112,2,2026-06-10T04:32:26.342112,2026-06-12T04:32:26.342112,peteralexander,5,Interesting success enough glass onto start.
Specialization: Radio producer,4.0,Carmen Lewis,Transform synergistic roi,Course: Integrated mission-critical moratorium,2026-07-26T05:20:37.057204,4,2026-06-24T05:20:37.057204,2026-06-26T05:20:37.057204,morgan29,5,Baby dream glass Congress learn minute.
Specialization: Publishing copy,4.2,William Duran,Strategize out-of-the-box action-items,Course: Up-sized 6thgeneration paradigm,2026-07-02T05:46:55.077945,2,2026-05-17T05:46:55.077945,2026-05-19T05:46:55.077945,matthewprice,3,Particularly truth response resource skin reach.
Specialization: Dietitian,4.3,Jonathan Petersen,Generate magnetic models,Course: Distributed next generation matrices,2027-05-12T00:22:29.369155,1,2027-03-20T00:22:29.369155,2027-03-22T00:22:29.369155,melissamoore,5,Sister local more young involve its follow teacher.
"Specialization: Engineer, biomedical",4.4,David Johnson,Syndicate integrated functionalities,Course: Down-sized transitional moderator,2026-10-21T10:40:55.025889,3,2026-09-12T10:40:55.025889,2026-09-14T10:40:55.025889,itaylor,5,Benefit certainly society address each all.
Specialization: Radio producer,4.0,Kelly Hayes,Aggregate strategic interfaces,Course: Object-based user-facing archive,2027-05-11T04:26:02.423184,1,2027-03-19T04:26:02.423184,2027-03-21T04:26:02.423184,christina15,5,Page mouth hard analysis course character all serve something.
Specialization: Secondary school teacher,4.0,Chad Bell,Engineer plug-and-play users,Course: Visionary web-enabled complexity,2027-03-10T19:47:19.767566,3,2027-01-30T19:47:19.767566,2027-02-01T19:47:19.767566,gina79,4,College treatment option work friend reach house part.
Specialization: Publishing copy,4.2,Darlene Cordova,Synergize e-business content,Course: Team-oriented methodical website,2026-12-04T08:17:39.160293,4,2026-11-02T08:17:39.160293,2026-11-04T08:17:39.160293,harrelldaryl,3,Generation church rock teach could sort worker.
"Specialization: Administrator, sports",4.8,Katherine Clayton,Seize 24/365 channels,Course: Quality-focused modular Internet solution,2027-03-22T00:38:28.365666,2,2027-02-04T00:38:28.365666,2027-02-06T00:38:28.365666,williamsmegan,4,Outside last experience hit top not the list when and.
Specialization: Operational researcher,4.0,Mark Jones,Grow 24/365 communities,Course: Integrated client-driven synergy,2026-12-09T08:08:41.675040,1,2026-10-17T08:08:41.675040,2026-10-19T08:08:41.675040,josephjones,4,Season staff nor here director.
Specialization: Publishing copy,4.2,Todd Williams,Benchmark world-class channels,Course: Balanced contextually-based alliance,2027-02-20T20:01:08.017504,1,2026-12-29T20:01:08.017504,2026-12-31T20:01:08.017504,kduncan,4,Although school film outside answer adult he knowledge.
Specialization: Dietitian,4.3,Deborah Oconnell,Optimize magnetic infrastructures,Course: Self-enabling secondary leverage,2027-05-09T15:28:48.386373,1,2027-03-17T15:28:48.386373,2027-03-19T15:28:48.386373,becky33,4,Class man effect thank water.
"Specialization: Teacher, music",4.0,William Pearson,Incentivize interactive metrics,Course: Future-proofed intangible capacity,2027-05-29T17:41:33.233547,3,2027-04-20T17:41:33.233547,2027-04-22T17:41:33.233547,raybradley,5,Glass keep small you ten.
Specialization: Air traffic controller,4.3,Christopher Turner,Brand world-class vortals,Course: Optimized background productivity,2026-06-23T06:18:36.953361,2,2026-05-08T06:18:36.953361,2026-05-10T06:18:36.953361,jenniferharmon,5,Officer degree green fight hand hand economy rather three group project.
Specialization: Secondary school teacher,4.0,Dr. Timothy Martin DDS,Deliver value-added deliverables,Course: Visionary web-enabled complexity,2027-03-10T19:47:19.767566,3,2027-01-30T19:47:19.767566,2027-02-01T19:47:19.767566,matthew99,5,System part tough citizen include manage very.
Specialization: Operational researcher,4.0,Jonathan Turner,Optimize strategic deliverables,Course: Multi-layered upward-trending solution,2026-10-11T03:45:23.970842,3,2026-09-02T03:45:23.970842,2026-09-04T03:45:23.970842,santoslisa,5,Concern no high out.
Specialization: Radio producer,4.0,Carmen Lewis,Transform synergistic roi,Course: Integrated mission-critical moratorium,2026-07-26T05:20:37.057204,1,2026-06-03T05:20:37.057204,2026-06-05T05:20:37.057204,xsmith,5,Skin technology bill mention again store.
"Specialization: Engineer, biomedical",4.4,Eric Burton,Extend cutting-edge bandwidth,Course: Business-focused scalable superstructure,2027-03-10T21:10:44.288953,1,2027-01-16T21:10:44.288953,2027-01-18T21:10:44.288953,bobby82,3,Deep especially pass practice notice big no another economy.
"Specialization: Teacher, music",4.0,Jack Jackson,Engineer web-enabled networks,Course: Future-proofed intangible capacity,2027-05-29T17:41:33.233547,1,2027-04-06T17:41:33.233547,2027-04-08T17:41:33.233547,jhale,5,Difficult food read production discuss visit.
"Specialization: Teacher, music",4.0,Madison Burnett,Expedite web-enabled networks,Course: User-centric homogeneous Graphical User Interface,2027-05-29T21:23:32.799574,2,2027-04-13T21:23:32.799574,2027-04-15T21:23:32.799574,tholden,4,World mission time main more about.
"Specialization: Administrator, sports",4.8,Adam King,Embrace holistic roi,Course: Reduced asymmetric capability,2026-11-04T18:39:58.632420,1,2026-09-12T18:39:58.632420,2026-09-14T18:39:58.632420,sho,5,Own standard body sense seat develop school usually office score.
"Specialization: Administrator, sports",4.8,David Conner,Orchestrate seamless methodologies,Course: Diverse systematic firmware,2026-09-28T23:22:42.748891,1,2026-08-06T23:22:42.748891,2026-08-08T23:22:42.748891,ubenitez,5,Support deep threat yourself team rule.
Specialization: Archivist,4.0,David Randall,Evolve dynamic bandwidth,Course: Horizontal discrete hardware,2026-10-25T23:06:15.543341,3,2026-09-16T23:06:15.543341,2026-09-18T23:06:15.543341,butlerpatrick,5,Science commercial certain throughout sound cold chair mention simply mention.
"Specialization: Teacher, music",4.0,William Pearson,Incentivize interactive metrics,Course: Proactive optimal neural-net,2027-05-02T03:15:17.302879,2,2027-03-17T03:15:17.302879,2027-03-19T03:15:17.302879,stephenjones,3,Foot end pay will ago recently.
Specialization: Publishing copy,4.2,Melissa Roach,Embrace user-centric eyeballs,Course: Public-key upward-trending success,2027-03-12T19:38:31.785842,2,2027-01-25T19:38:31.785842,2027-01-27T19:38:31.785842,daltonalvarez,3,Let while hard word drug.
Specialization: Dietitian,4.3,Jonathan Petersen,Generate magnetic models,Course: Distributed next generation matrices,2027-05-12T00:22:29.369155,2,2027-03-27T00:22:29.369155,2027-03-29T00:22:29.369155,kathleen40,5,Remain four cover consumer only.
"Specialization: Engineer, aeronautical",4.9,Kelly Avery,Scale holistic e-services,Course: Programmable grid-enabled definition,2027-03-03T07:27:12.312718,1,2027-01-09T07:27:12.312718,2027-01-11T07:27:12.312718,odiaz,5,Bill age brother month city follow sit happy.
Specialization: Dietitian,4.3,William Peterson,Enable compelling e-commerce,Course: Distributed next generation matrices,2027-05-12T00:22:29.369155,1,2027-03-20T00:22:29.369155,2027-03-22T00:22:29.369155,wendy87,4,Much push structure democratic marriage week range wait with.
Specialization: Radio producer,4.0,John Trujillo,Morph sticky networks,Course: Cross-group leadingedge matrices,2026-07-20T04:25:03.863422,3,2026-06-11T04:25:03.863422,2026-06-13T04:25:03.863422,joshuabird,5,Gas stuff human if wonder leave drop.
Specialization: Operational researcher,4.0,Barbara Washington,Syndicate intuitive technologies,Course: Integrated client-driven synergy,2026-12-09T08:08:41.675040,1,2026-10-17T08:08:41.675040,2026-10-19T08:08:41.675040,ojames,5,Indeed hit water generation per car record speech.
"Specialization: Administrator, charities/voluntary organisations",4.5,Benjamin Aguilar,Envisioneer cross-media eyeballs,Course: Seamless fresh-thinking challenge,2026-09-05T12:56:25.413265,1,2026-07-14T12:56:25.413265,2026-07-16T12:56:25.413265,randystewart,3,Public civil memory but success range rule almost learn every difficult.
"Specialization: Administrator, charities/voluntary organisations",4.5,Patricia Brown MD,Integrate dynamic mindshare,Course: Extended attitude-oriented throughput,2026-06-23T23:30:49.193605,3,2026-05-15T23:30:49.193605,2026-05-17T23:30:49.193605,christophermorris,5,Agency loss reflect establish only show police gas firm.
"Specialization: Engineer, biomedical",4.4,Dana King,Streamline distributed technologies,Course: Re-engineered discrete solution,2026-11-30T09:19:19.112211,1,2026-10-08T09:19:19.112211,2026-10-10T09:19:19.112211,rhonda07,5,Serve sure day animal include.
Specialization: Air traffic controller,4.3,Dana Phillips,Strategize interactive schemas,Course: Upgradable 24/7 circuit,2026-08-26T11:10:41.091448,1,2026-07-04T11:10:41.091448,2026-07-06T11:10:41.091448,garciajeremy,5,Federal fire reduce kid meet off.
Specialization: Archivist,4.0,Susan Barry,Strategize frictionless supply-chains,Course: Vision-oriented system-worthy budgetary management,2027-04-06T07:21:20.336422,4,2027-03-05T07:21:20.336422,2027-03-07T07:21:20.336422,stokesjason,5,Safe now join base natural thank sister teacher.
"Specialization: Designer, multimedia",4.3,Brad Gonzalez,Optimize enterprise action-items,Course: Digitized tertiary matrix,2027-01-14T23:07:08.827124,1,2026-11-22T23:07:08.827124,2026-11-24T23:07:08.827124,kimberly36,5,Forward dog rate mission data indicate one investment.
Specialization: Radio producer,4.0,John Trujillo,Morph sticky networks,Course: Extended upward-trending adapter,2026-10-22T02:21:50.998900,1,2026-08-30T02:21:50.998900,2026-09-01T02:21:50.998900,jacobanderson,1,Interview bill color democratic professional too wife since.
Specialization: Dietitian,4.3,William Peterson,Enable compelling e-commerce,Course: Self-enabling 4thgeneration flexibility,2026-08-10T22:50:15.345157,3,2026-07-02T22:50:15.345157,2026-07-04T22:50:15.345157,denise98,2,Eight shoulder offer them foreign agreement nearly third.
Specialization: Radio producer,4.0,John Trujillo,Morph sticky networks,Course: Cross-group leadingedge matrices,2026-07-20T04:25:03.863422,1,2026-05-28T04:25:03.863422,2026-05-30T04:25:03.863422,mbryant,4,Cup nothing rather improve party break population firm.
Specialization: Secondary school teacher,4.0,Christopher Smith,Empower mission-critical networks,Course: Compatible empowering matrices,2027-02-22T16:09:07.853571,4,2027-01-21T16:09:07.853571,2027-01-23T16:09:07.853571,marcus94,5,Teach whole coach ready policy for amount environmental.
"Specialization: Designer, multimedia",4.3,Sarah Hodges,Deliver viral deliverables,Course: Decentralized scalable encoding,2027-01-27T13:25:12.962480,3,2026-12-19T13:25:12.962480,2026-12-21T13:25:12.962480,fordmorgan,3,Theory gun third take anything ok former around well produce.
"Specialization: Engineer, biomedical",4.4,Dana King,Streamline distributed technologies,Course: Re-engineered discrete solution,2026-11-30T09:19:19.112211,4,2026-10-29T09:19:19.112211,2026-10-31T09:19:19.112211,jamesanderson,3,Customer trade do room year wife no attorney.
Specialization: Publishing copy,4.2,William Duran,Strategize out-of-the-box action-items,Course: Up-sized 6thgeneration paradigm,2026-07-02T05:46:55.077945,3,2026-05-24T05:46:55.077945,2026-05-26T05:46:55.077945,coltonbonilla,3,Language down doctor help reality us control want see similar.
Specialization: Operational researcher,4.0,Tiffany Lynch,Whiteboard dot-com markets,Course: Multi-layered upward-trending solution,2026-10-11T03:45:23.970842,3,2026-09-02T03:45:23.970842,2026-09-04T03:45:23.970842,michaelbuckley,5,Continue what argue vote international level ability service seem space.
Specialization: Air traffic controller,4.3,Savannah Rich,Envisioneer leading-edge interfaces,Course: Upgradable 24/7 circuit,2026-08-26T11:10:41.091448,3,2026-07-18T11:10:41.091448,2026-07-20T11:10:41.091448,wrighterica,5,Early claim condition fear task every analysis instead.
Specialization: Archivist,4.0,David Randall,Evolve dynamic bandwidth,Course: Right-sized global instruction set,2027-03-03T14:07:04.192181,4,2027-01-30T14:07:04.192181,2027-02-01T14:07:04.192181,yjackson,5,Into Republican daughter quickly street include Congress onto.
Specialization: Archivist,4.0,David Randall,Evolve dynamic bandwidth,Course: Programmable interactive framework,2026-10-19T10:53:24.808770,2,2026-09-03T10:53:24.808770,2026-09-05T10:53:24.808770,ucook,5,Soldier nearly member religious traditional stuff notice.
Specialization: Technical author,4.7,Stacy Rivera,Visualize best-of-breed channels,Course: Ergonomic empowering initiative,2027-01-24T12:11:43.045341,1,2026-12-02T12:11:43.045341,2026-12-04T12:11:43.045341,stewartchristopher,1,Oil system first current federal.
"Specialization: Engineer, biomedical",4.4,Eric Burton,Extend cutting-edge bandwidth,Course: Innovative executive artificial intelligence,2026-09-30T19:38:26.082040,3,2026-08-22T19:38:26.082040,2026-08-24T19:38:26.082040,deanjoshua,4,Can measure new after color dinner fire dog answer expect.
Specialization: Operational researcher,4.0,Anthony Reynolds,Drive bricks-and-clicks architectures,Course: Down-sized user-facing moratorium,2027-05-29T04:43:38.341757,4,2027-04-27T04:43:38.341757,2027-04-29T04:43:38.341757,seanboyle,4,Discuss view share factor citizen.
Specialization: Publishing copy,4.2,Brett Mendez,Utilize web-enabled paradigms,Course: Balanced contextually-based alliance,2027-02-20T20:01:08.017504,2,2027-01-05T20:01:08.017504,2027-01-07T20:01:08.017504,derrick82,5,Say young ok ten radio know wind any defense.
"Specialization: Administrator, charities/voluntary organisations",4.5,Patricia Brown MD,Integrate dynamic mindshare,Course: Configurable upward-trending encryption,2026-10-23T02:24:38.426319,3,2026-09-14T02:24:38.426319,2026-09-16T02:24:38.426319,knightlawrence,5,Value eight agency or song describe religious room second include.
"Specialization: Therapist, occupational",4.9,Jennifer Roberts,Harness robust technologies,Course: Streamlined disintermediate projection,2026-07-26T04:32:26.342112,3,2026-06-17T04:32:26.342112,2026-06-19T04:32:26.342112,jjackson,3,Perform mind personal result president.
"Specialization: Teacher, music",4.0,Madison Burnett,Expedite web-enabled networks,Course: Front-line leadingedge hub,2026-11-30T01:22:19.900793,1,2026-10-08T01:22:19.900793,2026-10-10T01:22:19.900793,todd53,4,Office hotel word candidate cut follow.
Specialization: Radio producer,4.0,Erin Rogers,Envisioneer scalable roi,Course: Cross-group leadingedge matrices,2026-07-20T04:25:03.863422,3,2026-06-11T04:25:03.863422,2026-06-13T04:25:03.863422,clarkjeffery,5,Sometimes city become protect work house each language form.
"Specialization: Designer, multimedia",4.3,Sarah Hodges,Deliver viral deliverables,Course: Decentralized scalable encoding,2027-01-27T13:25:12.962480,2,2026-12-12T13:25:12.962480,2026-12-14T13:25:12.962480,david25,5,Rest blood hospital power score.
"Specialization: Teacher, music",4.0,David Robinson,Enable scalable portals,Course: Front-line leadingedge hub,2026-11-30T01:22:19.900793,3,2026-10-22T01:22:19.900793,2026-10-24T01:22:19.900793,millerchad,5,Boy wear middle instead development.
Specialization: Publishing copy,4.2,Brett Mendez,Utilize web-enabled paradigms,Course: Balanced contextually-based alliance,2027-02-20T20:01:08.017504,4,2027-01-19T20:01:08.017504,2027-01-21T20:01:08.017504,pamgarrett,5,Plant executive could recently executive.
"Specialization: Therapist, occupational",4.9,Jennifer Roberts,Harness robust technologies,Course: Quality-focused zero administration software,2027-01-08T00:05:01.559195,1,2026-11-16T00:05:01.559195,2026-11-18T00:05:01.559195,ramosgina,5,Choice power federal cold agreement learn.
"Specialization: Therapist, occupational",4.9,Paula Harvey,Synergize e-business networks,Course: Multi-layered client-driven contingency,2026-08-31T00:06:17.906547,2,2026-07-16T00:06:17.906547,2026-07-18T00:06:17.906547,lisa13,5,Music response not itself possible smile become Republican sport.
Specialization: Technical author,4.7,Karen Sanchez,Scale b2b bandwidth,Course: Ergonomic empowering initiative,2027-01-24T12:11:43.045341,4,2026-12-23T12:11:43.045341,2026-12-25T12:11:43.045341,reynoldsphillip,5,Three second though record information public almost writer season.
Specialization: Dietitian,4.3,Jonathan Petersen,Generate magnetic models,Course: Realigned dedicated workforce,2026-07-26T21:47:20.980752,1,2026-06-03T21:47:20.980752,2026-06-05T21:47:20.980752,elizabethmcdonald,4,Buy million interest contain result where wind social policy yet.
Specialization: Technical author,4.7,Robert Pace,Target synergistic schemas,Course: Right-sized empowering array,2026-07-23T07:26:22.786982,1,2026-05-31T07:26:22.786982,2026-06-02T07:26:22.786982,michael23,5,Seem treatment free beautiful form worker about story.
"Specialization: Administrator, charities/voluntary organisations",4.5,Taylor Gray,Evolve bricks-and-clicks markets,Course: User-centric bandwidth-monitored focus group,2027-03-20T14:06:21.412209,4,2027-02-16T14:06:21.412209,2027-02-18T14:06:21.412209,ymarsh,4,Short surface theory strategy follow upon continue field would company.
Specialization: Dietitian,4.3,Austin Green,Engage cross-platform architectures,Course: Down-sized fault-tolerant moderator,2027-02-17T00:30:49.249726,4,2027-01-16T00:30:49.249726,2027-01-18T00:30:49.249726,jameskane,3,Subject yet contain leave management table why.
"Specialization: Teacher, music",4.0,David Robinson,Enable scalable portals,Course: User-centric homogeneous Graphical User Interface,2027-05-29T21:23:32.799574,3,2027-04-20T21:23:32.799574,2027-04-22T21:23:32.799574,rachel16,5,Purpose beyond maybe whether class boy.
"Specialization: Therapist, occupational",4.9,Jennifer Roberts,Harness robust technologies,Course: Streamlined disintermediate projection,2026-07-26T04:32:26.342112,3,2026-06-17T04:32:26.342112,2026-06-19T04:32:26.342112,williamslisa,3,Single improve chance travel real true environment since continue school.
"Specialization: Administrator, sports",4.8,Katherine Clayton,Seize 24/365 channels,Course: Quality-focused modular Internet solution,2027-03-22T00:38:28.365666,3,2027-02-11T00:38:28.365666,2027-02-13T00:38:28.365666,justin27,5,Short happy fill parent moment worry machine course base.
"Specialization: Therapist, occupational",4.9,Paula Harvey,Synergize e-business networks,Course: Multi-layered client-driven contingency,2026-08-31T00:06:17.906547,1,2026-07-09T00:06:17.906547,2026-07-11T00:06:17.906547,tyler82,4,Room add fight personal morning training.
"Specialization: Engineer, aeronautical",4.9,Michelle Holmes,Deliver cross-platform solutions,Course: Fully-configurable 5thgeneration instruction set,2027-06-03T04:07:33.474432,4,2027-05-02T04:07:33.474432,2027-05-04T04:07:33.474432,clarkepamela,4,Key important agreement special energy five thing minute local.
"Specialization: Teacher, music",4.0,David Robinson,Enable scalable portals,Course: Future-proofed intangible capacity,2027-05-29T17:41:33.233547,1,2027-04-06T17:41:33.233547,2027-04-08T17:41:33.233547,michaelhaynes,4,While apply final painting list professor.
"Specialization: Engineer, aeronautical",4.9,Michelle Holmes,Deliver cross-platform solutions,Course: Programmable grid-enabled definition,2027-03-03T07:27:12.312718,4,2027-01-30T07:27:12.312718,2027-02-01T07:27:12.312718,jeromesanchez,4,Chance book get his friend similar dinner old herself interest.
"Specialization: Administrator, sports",4.8,Michael Clarke,Maximize open-source infrastructures,Course: Horizontal human-resource software,2026-12-06T10:05:42.911073,3,2026-10-28T10:05:42.911073,2026-10-30T10:05:42.911073,warren07,5,Magazine pay drive skill protect.
Specialization: Air traffic controller,4.3,John Contreras,Embrace bleeding-edge deliverables,Course: Upgradable 24/7 circuit,2026-08-26T11:10:41.091448,2,2026-07-11T11:10:41.091448,2026-07-13T11:10:41.091448,ohickman,5,Avoid story town the something call.
"Specialization: Teacher, music",4.0,Jack Jackson,Engineer web-enabled networks,Course: Reduced composite application,2027-03-16T21:37:40.075731,3,2027-02-05T21:37:40.075731,2027-02-07T21:37:40.075731,lopezcaitlin,5,Successful amount not trade simple huge medical avoid.
"Specialization: Therapist, occupational",4.9,Jennifer Roberts,Harness robust technologies,Course: Quality-focused zero administration software,2027-01-08T00:05:01.559195,3,2026-11-30T00:05:01.559195,2026-12-02T00:05:01.559195,kellythomas,3,Culture address quality condition network area.
Specialization: Radio producer,4.0,Michael Roberts,Engage strategic convergence,Course: Cross-group leadingedge matrices,2026-07-20T04:25:03.863422,2,2026-06-04T04:25:03.863422,2026-06-06T04:25:03.863422,riverssteven,5,Personal time assume yourself woman remain easy game protect.
Specialization: Operational researcher,4.0,Brent Smith,Mesh distributed users,Course: Multi-layered upward-trending solution,2026-10-11T03:45:23.970842,1,2026-08-19T03:45:23.970842,2026-08-21T03:45:23.970842,acabrera,5,Source science second name certain thus.
"Specialization: Designer, multimedia",4.3,Patricia King,Extend innovative roi,Course: Decentralized scalable encoding,2027-01-27T13:25:12.962480,1,2026-12-05T13:25:12.962480,2026-12-07T13:25:12.962480,fleonard,5,Center single when listen live home commercial visit once the week.
Specialization: Dietitian,4.3,Joseph Adams MD,Evolve extensible architectures,Course: Realigned dedicated workforce,2026-07-26T21:47:20.980752,2,2026-06-10T21:47:20.980752,2026-06-12T21:47:20.980752,ufinley,5,Seem million however along shoulder report.
Specialization: Air traffic controller,4.3,Teresa Preston,Cultivate b2c networks,Course: Optimized 3rdgeneration orchestration,2027-04-14T08:01:14.482131,1,2027-02-20T08:01:14.482131,2027-02-22T08:01:14.482131,thomas55,5,Everyone father significant industry explain figure attorney result morning.
"Specialization: Engineer, aeronautical",4.9,Richard White,Maximize cutting-edge infrastructures,Course: Reduced real-time neural-net,2027-05-07T23:37:35.688586,2,2027-03-22T23:37:35.688586,2027-03-24T23:37:35.688586,wallacelisa,4,On weight major notice church bit trade for someone.
"Specialization: Administrator, charities/voluntary organisations",4.5,Taylor Gray,Evolve bricks-and-clicks markets,Course: Seamless fresh-thinking challenge,2026-09-05T12:56:25.413265,1,2026-07-14T12:56:25.413265,2026-07-16T12:56:25.413265,pdillon,5,Mr bank window fund public for small road organization because agree.
Specialization: Publishing copy,4.2,Darlene Cordova,Synergize e-business content,Course: Team-oriented methodical website,2026-12-04T08:17:39.160293,1,2026-10-12T08:17:39.160293,2026-10-14T08:17:39.160293,framirez,4,Democratic food message either compare arm behavior quality.
Specialization: Radio producer,4.0,Michael Roberts,Engage strategic convergence,Course: Optimized 6thgeneration capability,2027-01-14T13:51:31.935845,4,2026-12-13T13:51:31.935845,2026-12-15T13:51:31.935845,janet64,5,Here technology watch task these like entire practice each challenge coach.
"Specialization: Designer, multimedia",4.3,Sarah Hodges,Deliver viral deliverables,Course: Decentralized scalable encoding,2027-01-27T13:25:12.962480,4,2026-12-26T13:25:12.962480,2026-12-28T13:25:12.962480,justin80,5,Beautiful order seven open special either attack identify writer.
Specialization: Air traffic controller,4.3,John Contreras,Embrace bleeding-edge deliverables,Course: Upgradable 24/7 circuit,2026-08-26T11:10:41.091448,2,2026-07-11T11:10:41.091448,2026-07-13T11:10:41.091448,hernandezrandy,4,Quickly our word east anyone responsibility follow.
Specialization: Technical author,4.7,Robert Pace,Target synergistic schemas,Course: Enterprise-wide modular migration,2026-06-07T22:14:54.030176,3,2026-04-29T22:14:54.030176,2026-05-01T22:14:54.030176,larrymorris,4,Phone west black far heavy take land.
"Specialization: Therapist, occupational",4.9,Jason Mcgee,Unleash customized info-mediaries,Course: Profit-focused cohesive paradigm,2026-11-26T14:15:27.366700,2,2026-10-11T14:15:27.366700,2026-10-13T14:15:27.366700,ufranklin,2,Election material remember radio use third try water.
Specialization: Dietitian,4.3,Alicia Goodwin,Repurpose distributed experiences,Course: Self-enabling secondary leverage,2027-05-09T15:28:48.386373,4,2027-04-07T15:28:48.386373,2027-04-09T15:28:48.386373,marymeyer,5,Safe it risk blue knowledge support.
"Specialization: Engineer, aeronautical",4.9,Richard Crawford,Transform intuitive bandwidth,Course: Fully-configurable 5thgeneration instruction set,2027-06-03T04:07:33.474432,3,2027-04-25T04:07:33.474432,2027-04-27T04:07:33.474432,anthony04,5,Pay family if trade science event marriage cultural approach.
"Specialization: Administrator, sports",4.8,Katherine Clayton,Seize 24/365 channels,Course: Quality-focused modular Internet solution,2027-03-22T00:38:28.365666,2,2027-02-04T00:38:28.365666,2027-02-06T00:38:28.365666,tracyrivera,3,Lawyer often pattern effort moment his process from enjoy about.
"Specialization: Administrator, charities/voluntary organisations",4.5,Benjamin Heath,Incentivize extensible paradigms,Course: User-centric bandwidth-monitored focus group,2027-03-20T14:06:21.412209,3,2027-02-09T14:06:21.412209,2027-02-11T14:06:21.412209,kimberly15,4,Party account say address follow week measure family must.
"Specialization: Teacher, music",4.0,David Robinson,Enable scalable portals,Course: Future-proofed intangible capacity,2027-05-29T17:41:33.233547,3,2027-04-20T17:41:33.233547,2027-04-22T17:41:33.233547,youngshirley,4,Expect seek sometimes science over catch thing political into gas.
"Specialization: Engineer, aeronautical",4.9,Michelle Holmes,Deliver cross-platform solutions,Course: Programmable grid-enabled definition,2027-03-03T07:27:12.312718,2,2027-01-16T07:27:12.312718,2027-01-18T07:27:12.312718,wbyrd,5,Raise such free worker money culture book beat example never.
"Specialization: Designer, multimedia",4.3,Hannah Murray,Brand open-source eyeballs,Course: Triple-buffered exuding migration,2026-06-22T16:18:58.231449,1,2026-04-30T16:18:58.231449,2026-05-02T16:18:58.231449,loriphillips,4,Effect hospital mouth but particularly contain forward book sport speak.
Specialization: Radio producer,4.0,John Trujillo,Morph sticky networks,Course: Extended upward-trending adapter,2026-10-22T02:21:50.998900,3,2026-09-13T02:21:50.998900,2026-09-15T02:21:50.998900,kristen23,1,Anything arrive color school recognize above remain machine.
"Specialization: Therapist, occupational",4.9,Jason Mcgee,Unleash customized info-mediaries,Course: Profit-focused cohesive paradigm,2026-11-26T14:15:27.366700,4,2026-10-25T14:15:27.366700,2026-10-27T14:15:27.366700,brittanysmith,3,None tonight letter finally treat cup candidate serve.
Specialization: Publishing copy,4.2,Brett Mendez,Utilize web-enabled paradigms,Course: Balanced contextually-based alliance,2027-02-20T20:01:08.017504,2,2027-01-05T20:01:08.017504,2027-01-07T20:01:08.017504,mjohnson,3,Specific meeting approach situation party player indeed model.
Specialization: Radio producer,4.0,Michael Roberts,Engage strategic convergence,Course: Cross-group leadingedge matrices,2026-07-20T04:25:03.863422,3,2026-06-11T04:25:03.863422,2026-06-13T04:25:03.863422,brittanyjones,2,Issue able quality important bit purpose million whole upon six.
Specialization: Operational researcher,4.0,Anthony Reynolds,Drive bricks-and-clicks architectures,Course: Down-sized user-facing moratorium,2027-05-29T04:43:38.341757,3,2027-04-20T04:43:38.341757,2027-04-22T04:43:38.341757,jensenkatelyn,5,Body between draw right whole ago.
"Specialization: Engineer, aeronautical",4.9,Kelly Avery,Scale holistic e-services,Course: Down-sized didactic extranet,2027-05-14T15:08:29.961452,1,2027-03-22T15:08:29.961452,2027-03-24T15:08:29.961452,williamssarah,5,Manage teach save then guess fast factor mention.
Specialization: Radio producer,4.0,Erin Rogers,Envisioneer scalable roi,Course: Extended upward-trending adapter,2026-10-22T02:21:50.998900,3,2026-09-13T02:21:50.998900,2026-09-15T02:21:50.998900,keith65,4,Professional material she stop tax require determine fall.
Specialization: Publishing copy,4.2,Daniel Martinez,Seize impactful portals,Course: Up-sized 6thgeneration paradigm,2026-07-02T05:46:55.077945,3,2026-05-24T05:46:55.077945,2026-05-26T05:46:55.077945,jill32,4,Remain see hot bring push area art.
"Specialization: Therapist, occupational",4.9,Shaun Ward,Streamline dynamic platforms,Course: Programmable disintermediate emulation,2027-02-24T03:36:46.675022,4,2027-01-23T03:36:46.675022,2027-01-25T03:36:46.675022,skelly,5,Single try pick while.
"Specialization: Administrator, sports",4.8,David Conner,Orchestrate seamless methodologies,Course: Diverse systematic firmware,2026-09-28T23:22:42.748891,4,2026-08-27T23:22:42.748891,2026-08-29T23:22:42.748891,wendy44,1,Claim some national level someone worker.
Specialization: Dietitian,4.3,Jonathan Petersen,Generate magnetic models,Course: Self-enabling secondary leverage,2027-05-09T15:28:48.386373,2,2027-03-24T15:28:48.386373,2027-03-26T15:28:48.386373,michael10,5,Physical business ahead investment movie beat serve issue white candidate.
"Specialization: Therapist, occupational",4.9,Shaun Ward,Streamline dynamic platforms,Course: Streamlined disintermediate projection,2026-07-26T04:32:26.342112,4,2026-06-24T04:32:26.342112,2026-06-26T04:32:26.342112,dhernandez,5,Successful father claim difference store try force this.
Specialization: Radio producer,4.0,Michael Roberts,Engage strategic convergence,Course: Optimized 6thgeneration capability,2027-01-14T13:51:31.935845,2,2026-11-29T13:51:31.935845,2026-12-01T13:51:31.935845,jillianestes,5,Word follow political music million as down loss.
Specialization: Technical author,4.7,Mr. Kyle Wright,Expedite 24/365 systems,Course: Switchable zero tolerance frame,2027-06-05T20:35:28.741458,4,2027-05-04T20:35:28.741458,2027-05-06T20:35:28.741458,clinewilliam,5,Section poor cup trade social nothing.
"Specialization: Therapist, occupational",4.9,Jennifer Roberts,Harness robust technologies,Course: Quality-focused zero administration software,2027-01-08T00:05:01.559195,2,2026-11-23T00:05:01.559195,2026-11-25T00:05:01.559195,gooddennis,4,Rather new together suggest cost eat road exist memory.
"Specialization: Therapist, occupational",4.9,Paula Harvey,Synergize e-business networks,Course: Multi-layered client-driven contingency,2026-08-31T00:06:17.906547,4,2026-07-30T00:06:17.906547,2026-08-01T00:06:17.906547,bmeyer,4,Site opportunity factor police Republican building.
Specialization: Archivist,4.0,Susan Barry,Strategize frictionless supply-chains,Course: Future-proofed bandwidth-monitored time-frame,2026-08-01T12:09:08.524876,3,2026-06-23T12:09:08.524876,2026-06-25T12:09:08.524876,angela95,5,Surface know dog thus.
Specialization: Publishing copy,4.2,Brett Mendez,Utilize web-enabled paradigms,Course: Balanced contextually-based alliance,2027-02-20T20:01:08.017504,4,2027-01-19T20:01:08.017504,2027-01-21T20:01:08.017504,dominique09,5,Way interesting certainly speak.
Specialization: Archivist,4.0,Melissa Sanchez,Synthesize extensible e-markets,Course: Programmable interactive framework,2026-10-19T10:53:24.808770,3,2026-09-10T10:53:24.808770,2026-09-12T10:53:24.808770,doyleedward,5,Rock run seat evening matter whatever vote.
Specialization: Archivist,4.0,Amber Mora,Architect killer networks,Course: Horizontal discrete hardware,2026-10-25T23:06:15.543341,2,2026-09-09T23:06:15.543341,2026-09-11T23:06:15.543341,thomasjohn,5,Heart spend general of act.
"Specialization: Designer, multimedia",4.3,Patricia King,Extend innovative roi,Course: Decentralized scalable encoding,2027-01-27T13:25:12.962480,1,2026-12-05T13:25:12.962480,2026-12-07T13:25:12.962480,teresa24,5,Music pattern participant step total foot hundred audience human political analysis.
"Specialization: Teacher, music",4.0,David Robinson,Enable scalable portals,Course: Front-line leadingedge hub,2026-11-30T01:22:19.900793,2,2026-10-15T01:22:19.900793,2026-10-17T01:22:19.900793,samantha25,1,Alone wall firm special series call.
"Specialization: Teacher, music",4.0,David Robinson,Enable scalable portals,Course: Reduced composite application,2027-03-16T21:37:40.075731,3,2027-02-05T21:37:40.075731,2027-02-07T21:37:40.075731,gfoster,4,Throughout economy price yourself expert between.
"Specialization: Designer, multimedia",4.3,Wyatt Johnson,Leverage next-generation info-mediaries,Course: Triple-buffered exuding migration,2026-06-22T16:18:58.231449,4,2026-05-21T16:18:58.231449,2026-05-23T16:18:58.231449,isanchez,5,Subject positive color hot base.
"Specialization: Administrator, sports",4.8,Adam King,Embrace holistic roi,Course: Upgradable web-enabled capacity,2027-01-14T07:23:04.306601,2,2026-11-29T07:23:04.306601,2026-12-01T07:23:04.306601,ykim,5,Coach when take maybe range short draw then.
"Specialization: Engineer, aeronautical",4.9,Michelle Holmes,Deliver cross-platform solutions,Course: Fully-configurable 5thgeneration instruction set,2027-06-03T04:07:33.474432,4,2027-05-02T04:07:33.474432,2027-05-04T04:07:33.474432,yolandarice,5,Company high himself a us responsibility always.
Specialization: Radio producer,4.0,Alyssa Cruz,Iterate customized e-business,Course: Object-based user-facing archive,2027-05-11T04:26:02.423184,4,2027-04-09T04:26:02.423184,2027-04-11T04:26:02.423184,jenniferzhang,5,North his determine point song several former owner.
Specialization: Publishing copy,4.2,Todd Williams,Benchmark world-class channels,Course: Balanced contextually-based alliance,2027-02-20T20:01:08.017504,4,2027-01-19T20:01:08.017504,2027-01-21T20:01:08.017504,sloanjim,4,Country room and skill.
Specialization: Technical author,4.7,Misty Ingram,Architect bricks-and-clicks schemas,Course: Switchable zero tolerance frame,2027-06-05T20:35:28.741458,1,2027-04-13T20:35:28.741458,2027-04-15T20:35:28.741458,destiny54,3,Talk Mrs similar music science analysis.
Specialization: Radio producer,4.0,Michael Roberts,Engage strategic convergence,Course: Optimized 6thgeneration capability,2027-01-14T13:51:31.935845,3,2026-12-06T13:51:31.935845,2026-12-08T13:51:31.935845,qhernandez,5,Option maybe agree animal nothing particular.
Specialization: Dietitian,4.3,Alicia Goodwin,Repurpose distributed experiences,Course: Self-enabling secondary leverage,2027-05-09T15:28:48.386373,4,2027-04-07T15:28:48.386373,2027-04-09T15:28:48.386373,wrightjared,5,Ask provide lot difference boy.
Specialization: Operational researcher,4.0,Anthony Reynolds,Drive bricks-and-clicks architectures,Course: Face-to-face solution-oriented strategy,2026-10-28T13:26:28.046057,4,2026-09-26T13:26:28.046057,2026-09-28T13:26:28.046057,lukevaughn,4,Article kitchen remember wide future defense billion discuss return huge.
"Specialization: Engineer, biomedical",4.4,Dana King,Streamline distributed technologies,Course: Re-engineered discrete solution,2026-11-30T09:19:19.112211,4,2026-10-29T09:19:19.112211,2026-10-31T09:19:19.112211,mary81,4,Either present down food because as call paper heart.
"Specialization: Administrator, charities/voluntary organisations",4.5,Jack Ward,Integrate interactive e-commerce,Course: Configurable upward-trending encryption,2026-10-23T02:24:38.426319,4,2026-09-21T02:24:38.426319,2026-09-23T02:24:38.426319,nathanrobles,3,Pass ever water serious finally party especially.
"Specialization: Teacher, music",4.0,David Robinson,Enable scalable portals,Course: User-centric homogeneous Graphical User Interface,2027-05-29T21:23:32.799574,4,2027-04-27T21:23:32.799574,2027-04-29T21:23:32.799574,gloriamcdonald,5,Serve range statement American anyone job.
Specialization: Secondary school teacher,4.0,Chad Bell,Engineer plug-and-play users,Course: Visionary web-enabled complexity,2027-03-10T19:47:19.767566,4,2027-02-06T19:47:19.767566,2027-02-08T19:47:19.767566,moralesdanielle,5,Writer oil whether ask those off chance.
"Specialization: Designer, multimedia",4.3,Hannah Murray,Brand open-source eyeballs,Course: Triple-buffered exuding migration,2026-06-22T16:18:58.231449,4,2026-05-21T16:18:58.231449,2026-05-23T16:18:58.231449,michael47,4,Available able detail season by financial home red.
Specialization: Radio producer,4.0,Kelly Hayes,Aggregate strategic interfaces,Course: Object-based user-facing archive,2027-05-11T04:26:02.423184,1,2027-03-19T04:26:02.423184,2027-03-21T04:26:02.423184,vschroeder,5,Two military join through.
"Specialization: Therapist, occupational",4.9,Jennifer Roberts,Harness robust technologies,Course: Quality-focused zero administration software,2027-01-08T00:05:01.559195,4,2026-12-07T00:05:01.559195,2026-12-09T00:05:01.559195,brian54,5,Television fly without degree.
"Specialization: Administrator, sports",4.8,Katherine Clayton,Seize 24/365 channels,Course: Quality-focused modular Internet solution,2027-03-22T00:38:28.365666,4,2027-02-18T00:38:28.365666,2027-02-20T00:38:28.365666,wangcynthia,5,Me let top when.
"Specialization: Teacher, music",4.0,Jack Jackson,Engineer web-enabled networks,Course: Future-proofed intangible capacity,2027-05-29T17:41:33.233547,2,2027-04-13T17:41:33.233547,2027-04-15T17:41:33.233547,lindseydunn,5,Name believe cover plant television air each someone hard establish.
Specialization: Publishing copy,4.2,Todd Williams,Benchmark world-class channels,Course: Balanced contextually-based alliance,2027-02-20T20:01:08.017504,4,2027-01-19T20:01:08.017504,2027-01-21T20:01:08.017504,gilespatrick,5,Owner trouble guy place per dinner note.
Specialization: Archivist,4.0,Amber Mora,Architect killer networks,Course: Right-sized global instruction set,2027-03-03T14:07:04.192181,3,2027-01-23T14:07:04.192181,2027-01-25T14:07:04.192181,arobles,5,Thousand social defense state serious report enter itself.
"Specialization: Engineer, aeronautical",4.9,Kelly Avery,Scale holistic e-services,Course: Programmable grid-enabled definition,2027-03-03T07:27:12.312718,3,2027-01-23T07:27:12.312718,2027-01-25T07:27:12.312718,yeseniabird,4,Center citizen prove especially learn customer provide minute note Democrat.
"Specialization: Engineer, aeronautical",4.9,William Reynolds,Extend visionary platforms,Course: Polarized asynchronous knowledgebase,2026-10-18T19:22:29.090991,3,2026-09-09T19:22:29.090991,2026-09-11T19:22:29.090991,lyonsmelody,5,Stand meet list that can exist food eight ability.
Specialization: Technical author,4.7,Robert Pace,Target synergistic schemas,Course: Enterprise-wide modular migration,2026-06-07T22:14:54.030176,4,2026-05-06T22:14:54.030176,2026-05-08T22:14:54.030176,johnnyhowell,3,Fast shake head standard watch authority apply civil any relationship.
Specialization: Radio producer,4.0,Erin Rogers,Envisioneer scalable roi,Course: Extended upward-trending adapter,2026-10-22T02:21:50.998900,4,2026-09-20T02:21:50.998900,2026-09-22T02:21:50.998900,brandiwebster,4,Long necessary style budget lawyer start.
"Specialization: Designer, multimedia",4.3,Sarah Hodges,Deliver viral deliverables,Course: Digitized tertiary matrix,2027-01-14T23:07:08.827124,4,2026-12-13T23:07:08.827124,2026-12-15T23:07:08.827124,fisherkristen,5,Health leader mention lose white fear.
"Specialization: Engineer, biomedical",4.4,Eric Burton,Extend cutting-edge bandwidth,Course: Stand-alone secondary initiative,2026-12-26T08:02:30.227710,2,2026-11-10T08:02:30.227710,2026-11-12T08:02:30.227710,lacey37,5,Reveal whom manage much sound.
Specialization: Archivist,4.0,Amber Mora,Architect killer networks,Course: Right-sized global instruction set,2027-03-03T14:07:04.192181,1,2027-01-09T14:07:04.192181,2027-01-11T14:07:04.192181,brian28,5,Quality place woman ball radio one.
"Specialization: Therapist, occupational",4.9,Jason Mcgee,Unleash customized info-mediaries,Course: Programmable disintermediate emulation,2027-02-24T03:36:46.675022,3,2027-01-16T03:36:46.675022,2027-01-18T03:36:46.675022,destiny58,4,Treat something agreement ten political join.
"Specialization: Teacher, music",4.0,David Robinson,Enable scalable portals,Course: Reduced composite application,2027-03-16T21:37:40.075731,3,2027-02-05T21:37:40.075731,2027-02-07T21:37:40.075731,gjimenez,3,Author whether agency school today ready.
Specialization: Publishing copy,4.2,Todd Williams,Benchmark world-class channels,Course: Triple-buffered regional complexity,2026-08-04T12:32:49.052381,3,2026-06-26T12:32:49.052381,2026-06-28T12:32:49.052381,ramirezvictoria,1,Example leader small wide shake step best draw song daughter increase.
Specialization: Archivist,4.0,David Randall,Evolve dynamic bandwidth,Course: Right-sized global instruction set,2027-03-03T14:07:04.192181,3,2027-01-23T14:07:04.192181,2027-01-25T14:07:04.192181,vkelly,3,Add yard store fire manager both.
Specialization: Technical author,4.7,Jill Jones,Drive strategic info-mediaries,Course: Horizontal fault-tolerant functionalities,2026-07-19T17:37:56.213248,1,2026-05-27T17:37:56.213248,2026-05-29T17:37:56.213248,nmcdonald,4,Take term on always while car opportunity.
Specialization: Technical author,4.7,Robert Pace,Target synergistic schemas,Course: Right-sized empowering array,2026-07-23T07:26:22.786982,4,2026-06-21T07:26:22.786982,2026-06-23T07:26:22.786982,jmiller,5,Beyond check nice hand player election year despite nor.
Specialization: Air traffic controller,4.3,Savannah Rich,Envisioneer leading-edge interfaces,Course: Upgradable 24/7 circuit,2026-08-26T11:10:41.091448,2,2026-07-11T11:10:41.091448,2026-07-13T11:10:41.091448,rushcynthia,4,Address away never under available.
Specialization: Dietitian,4.3,Jonathan Petersen,Generate magnetic models,Course: Realigned dedicated workforce,2026-07-26T21:47:20.980752,4,2026-06-24T21:47:20.980752,2026-06-26T21:47:20.980752,smithlaura,3,Democrat take property message must teach expert life.
"Specialization: Engineer, biomedical",4.4,Erik Randolph,Disintermediate interactive models,Course: Innovative executive artificial intelligence,2026-09-30T19:38:26.082040,1,2026-08-08T19:38:26.082040,2026-08-10T19:38:26.082040,thomasmike,4,Everybody attack professor his few.
"Specialization: Designer, multimedia",4.3,Brad Gonzalez,Optimize enterprise action-items,Course: Stand-alone non-volatile circuit,2026-10-05T13:05:33.657496,4,2026-09-03T13:05:33.657496,2026-09-05T13:05:33.657496,emily68,5,Wait history sport sort always much back city both.
Specialization: Publishing copy,4.2,William Duran,Strategize out-of-the-box action-items,Course: Up-sized 6thgeneration paradigm,2026-07-02T05:46:55.077945,2,2026-05-17T05:46:55.077945,2026-05-19T05:46:55.077945,cdavis,5,Show might again father anything fly seek.
"Specialization: Designer, multimedia",4.3,Brad Gonzalez,Optimize enterprise action-items,Course: Digitized tertiary matrix,2027-01-14T23:07:08.827124,4,2026-12-13T23:07:08.827124,2026-12-15T23:07:08.827124,hicksrichard,5,Treat certainly recently list report across those the thing.
"Specialization: Administrator, sports",4.8,Jo James MD,Evolve next-generation synergies,Course: Upgradable web-enabled capacity,2027-01-14T07:23:04.306601,2,2026-11-29T07:23:04.306601,2026-12-01T07:23:04.306601,lwatson,5,Produce million wish various responsibility.
"Specialization: Engineer, aeronautical",4.9,William Reynolds,Extend visionary platforms,Course: Polarized asynchronous knowledgebase,2026-10-18T19:22:29.090991,1,2026-08-26T19:22:29.090991,2026-08-28T19:22:29.090991,rbailey,5,Writer second us tell treat tough every company four green.
Specialization: Air traffic controller,4.3,Teresa Preston,Cultivate b2c networks,Course: Optimized 3rdgeneration orchestration,2027-04-14T08:01:14.482131,1,2027-02-20T08:01:14.482131,2027-02-22T08:01:14.482131,jamieortiz,5,Or decide college nation measure.
Specialization: Air traffic controller,4.3,Christopher Turner,Brand world-class vortals,Course: Optimized 3rdgeneration orchestration,2027-04-14T08:01:14.482131,3,2027-03-06T08:01:14.482131,2027-03-08T08:01:14.482131,alvaradomegan,3,Left whatever story concern research foreign.
Specialization: Operational researcher,4.0,Tiffany Lynch,Whiteboard dot-com markets,Course: Integrated client-driven synergy,2026-12-09T08:08:41.675040,1,2026-10-17T08:08:41.675040,2026-10-19T08:08:41.675040,kelsey96,4,Agent create security give old network.
"Specialization: Designer, multimedia",4.3,Wyatt Johnson,Leverage next-generation info-mediaries,Course: Triple-buffered exuding migration,2026-06-22T16:18:58.231449,3,2026-05-14T16:18:58.231449,2026-05-16T16:18:58.231449,parkraymond,5,Common cell state fund more next learn court attention.
Specialization: Publishing copy,4.2,Todd Williams,Benchmark world-class channels,Course: Balanced contextually-based alliance,2027-02-20T20:01:08.017504,1,2026-12-29T20:01:08.017504,2026-12-31T20:01:08.017504,robert15,4,Store scene of dog.
Specialization: Operational researcher,4.0,Brent Smith,Mesh distributed users,Course: Multi-layered upward-trending solution,2026-10-11T03:45:23.970842,3,2026-09-02T03:45:23.970842,2026-09-04T03:45:23.970842,cball,2,Example situation early education site end.
"Specialization: Engineer, aeronautical",4.9,Jessica Williamson,Revolutionize enterprise architectures,Course: Reduced real-time neural-net,2027-05-07T23:37:35.688586,4,2027-04-05T23:37:35.688586,2027-04-07T23:37:35.688586,bgarcia,5,Realize summer kid others guy value hard theory somebody top.
"Specialization: Administrator, sports",4.8,Katherine Clayton,Seize 24/365 channels,Course: Reduced asymmetric capability,2026-11-04T18:39:58.632420,1,2026-09-12T18:39:58.632420,2026-09-14T18:39:58.632420,hallvictoria,5,Sense production television its close media.
Specialization: Archivist,4.0,Michelle Rose,Visualize 24/365 interfaces,Course: Right-sized global instruction set,2027-03-03T14:07:04.192181,4,2027-01-30T14:07:04.192181,2027-02-01T14:07:04.192181,john72,5,Ball character though positive trial.
"Specialization: Engineer, biomedical",4.4,William Lynn,Maximize collaborative web-readiness,Course: Stand-alone secondary initiative,2026-12-26T08:02:30.227710,3,2026-11-17T08:02:30.227710,2026-11-19T08:02:30.227710,dannyklein,5,Bag person common full attorney thing attorney prevent than.
"Specialization: Engineer, biomedical",4.4,Dana King,Streamline distributed technologies,Course: Re-engineered discrete solution,2026-11-30T09:19:19.112211,4,2026-10-29T09:19:19.112211,2026-10-31T09:19:19.112211,mark54,4,Beat wait society computer knowledge lot.
"Specialization: Therapist, occupational",4.9,Paula Harvey,Synergize e-business networks,Course: Multi-layered client-driven contingency,2026-08-31T00:06:17.906547,2,2026-07-16T00:06:17.906547,2026-07-18T00:06:17.906547,patrickkeller,5,Customer onto crime let wrong win but woman get.
Specialization: Technical author,4.7,Julia Chambers,Transform efficient e-business,Course: Enterprise-wide modular migration,2026-06-07T22:14:54.030176,1,2026-04-15T22:14:54.030176,2026-04-17T22:14:54.030176,justin68,3,Less letter use wife fly.
Specialization: Radio producer,4.0,Erin Rogers,Envisioneer scalable roi,Course: Extended upward-trending adapter,2026-10-22T02:21:50.998900,1,2026-08-30T02:21:50.998900,2026-09-01T02:21:50.998900,quinndana,3,Report operation paper trial book break easy cost poor.
"Specialization: Engineer, aeronautical",4.9,Michelle Holmes,Deliver cross-platform solutions,Course: Fully-configurable 5thgeneration instruction set,2027-06-03T04:07:33.474432,2,2027-04-18T04:07:33.474432,2027-04-20T04:07:33.474432,anthony34,5,Now than reveal land ago child already let create.
Specialization: Radio producer,4.0,Michael Roberts,Engage strategic convergence,Course: Optimized 6thgeneration capability,2027-01-14T13:51:31.935845,3,2026-12-06T13:51:31.935845,2026-12-08T13:51:31.935845,ericafranklin,3,So ever next fight wrong.
Specialization: Publishing copy,4.2,Todd Williams,Benchmark world-class channels,Course: Triple-buffered regional complexity,2026-08-04T12:32:49.052381,3,2026-06-26T12:32:49.052381,2026-06-28T12:32:49.052381,baileymatthew,5,Institution body evidence in character.
Specialization: Dietitian,4.3,Alicia Goodwin,Repurpose distributed experiences,Course: Self-enabling secondary leverage,2027-05-09T15:28:48.386373,1,2027-03-17T15:28:48.386373,2027-03-19T15:28:48.386373,hughesandrew,5,Building air stock conference moment fish.
"Specialization: Engineer, aeronautical",4.9,Richard Crawford,Transform intuitive bandwidth,Course: Reduced real-time neural-net,2027-05-07T23:37:35.688586,4,2027-04-05T23:37:35.688586,2027-04-07T23:37:35.688586,lwilliams,5,Each policy form act list.
Specialization: Secondary school teacher,4.0,Thomas Phillips,Scale plug-and-play synergies,Course: Monitored foreground open system,2026-12-27T01:52:40.503334,3,2026-11-18T01:52:40.503334,2026-11-20T01:52:40.503334,dunnadam,4,Be through blue season career address others follow a drive yard.
"Specialization: Engineer, biomedical",4.4,Dana King,Streamline distributed technologies,Course: Re-engineered discrete solution,2026-11-30T09:19:19.112211,4,2026-10-29T09:19:19.112211,2026-10-31T09:19:19.112211,calebdecker,4,Prevent trouble detail support we idea involve military.
"Specialization: Administrator, charities/voluntary organisations",4.5,Matthew Wagner,Whiteboard plug-and-play partnerships,Course: Extended attitude-oriented throughput,2026-06-23T23:30:49.193605,4,2026-05-22T23:30:49.193605,2026-05-24T23:30:49.193605,heather85,5,Own air today option really beyond suffer recent foot.
"Specialization: Administrator, sports",4.8,Katherine Clayton,Seize 24/365 channels,Course: Quality-focused modular Internet solution,2027-03-22T00:38:28.365666,3,2027-02-11T00:38:28.365666,2027-02-13T00:38:28.365666,jose98,5,Last people environmental human else particular.
"Specialization: Engineer, biomedical",4.4,Dana King,Streamline distributed technologies,Course: Innovative executive artificial intelligence,2026-09-30T19:38:26.082040,4,2026-08-29T19:38:26.082040,2026-08-31T19:38:26.082040,finleyelizabeth,5,Nation consumer degree wall when seven.
Specialization: Publishing copy,4.2,Melissa Roach,Embrace user-centric eyeballs,Course: Public-key upward-trending success,2027-03-12T19:38:31.785842,3,2027-02-01T19:38:31.785842,2027-02-03T19:38:31.785842,donna93,5,Plan nation enjoy on American certain eye read.
"Specialization: Teacher, music",4.0,David Robinson,Enable scalable portals,Course: User-centric homogeneous Graphical User Interface,2027-05-29T21:23:32.799574,4,2027-04-27T21:23:32.799574,2027-04-29T21:23:32.799574,montgomerymichael,5,All scientist building significant impact interest executive realize thank how performance.
"Specialization: Designer, multimedia",4.3,Colton Underwood,Optimize cross-media deliverables,Course: Fully-configurable modular synergy,2026-11-11T14:37:53.387493,4,2026-10-10T14:37:53.387493,2026-10-12T14:37:53.387493,mathisstephanie,5,People affect western new total important reduce imagine always friend.
"Specialization: Therapist, occupational",4.9,Paula Harvey,Synergize e-business networks,Course: Multi-layered client-driven contingency,2026-08-31T00:06:17.906547,2,2026-07-16T00:06:17.906547,2026-07-18T00:06:17.906547,hicksvicki,4,Group my among factor cell through.
"Specialization: Teacher, music",4.0,William Pearson,Incentivize interactive metrics,Course: Proactive optimal neural-net,2027-05-02T03:15:17.302879,3,2027-03-24T03:15:17.302879,2027-03-26T03:15:17.302879,vgonzalez,4,Message though toward pull generation measure land respond.
"Specialization: Therapist, occupational",4.9,Martha Thompson,Scale revolutionary metrics,Course: Profit-focused cohesive paradigm,2026-11-26T14:15:27.366700,2,2026-10-11T14:15:27.366700,2026-10-13T14:15:27.366700,sstevens,5,Republican beyond sit at end son writer cultural.
Specialization: Secondary school teacher,4.0,Dr. Timothy Martin DDS,Deliver value-added deliverables,Course: Monitored foreground open system,2026-12-27T01:52:40.503334,4,2026-11-25T01:52:40.503334,2026-11-27T01:52:40.503334,gorozco,5,Fact I control those night.
"Specialization: Engineer, biomedical",4.4,William Lynn,Maximize collaborative web-readiness,Course: Stand-alone secondary initiative,2026-12-26T08:02:30.227710,4,2026-11-24T08:02:30.227710,2026-11-26T08:02:30.227710,qgallagher,2,Prepare skill experience allow include standard use for goal evening.
"Specialization: Administrator, sports",4.8,Adam King,Embrace holistic roi,Course: Upgradable web-enabled capacity,2027-01-14T07:23:04.306601,3,2026-12-06T07:23:04.306601,2026-12-08T07:23:04.306601,greilly,5,Everyone education ever total positive.
Specialization: Archivist,4.0,Stephanie Watson DDS,Incubate out-of-the-box experiences,Course: Horizontal discrete hardware,2026-10-25T23:06:15.543341,1,2026-09-02T23:06:15.543341,2026-09-04T23:06:15.543341,wperry,4,Current away eye Mr month whom relationship attention.
Specialization: Operational researcher,4.0,Barbara Washington,Syndicate intuitive technologies,Course: Face-to-face solution-oriented strategy,2026-10-28T13:26:28.046057,2,2026-09-12T13:26:28.046057,2026-09-14T13:26:28.046057,brent03,5,Let kind wide girl hot rich particular north.
Specialization: Dietitian,4.3,Austin Green,Engage cross-platform architectures,Course: Down-sized fault-tolerant moderator,2027-02-17T00:30:49.249726,3,2027-01-09T00:30:49.249726,2027-01-11T00:30:49.249726,qlarson,4,Wind fine certainly none college save rate while become about range.
"Specialization: Therapist, occupational",4.9,Paula Harvey,Synergize e-business networks,Course: Profit-focused cohesive paradigm,2026-11-26T14:15:27.366700,3,2026-10-18T14:15:27.366700,2026-10-20T14:15:27.366700,jennifer32,5,Heart meeting realize land city sense draw they partner.
"Specialization: Teacher, music",4.0,David Robinson,Enable scalable portals,Course: Front-line leadingedge hub,2026-11-30T01:22:19.900793,1,2026-10-08T01:22:19.900793,2026-10-10T01:22:19.900793,underwoodsandra,5,Real inside turn into view line.
"Specialization: Administrator, charities/voluntary organisations",4.5,Jack Ward,Integrate interactive e-commerce,Course: Configurable upward-trending encryption,2026-10-23T02:24:38.426319,1,2026-08-31T02:24:38.426319,2026-09-02T02:24:38.426319,molly61,4,Speak teach central evidence half official perform before house.
Specialization: Radio producer,4.0,Michael Roberts,Engage strategic convergence,Course: Cross-group leadingedge matrices,2026-07-20T04:25:03.863422,4,2026-06-18T04:25:03.863422,2026-06-20T04:25:03.863422,roblesjennifer,5,Cause our choice thus analysis authority soon never beautiful.
"Specialization: Administrator, charities/voluntary organisations",4.5,Benjamin Heath,Incentivize extensible paradigms,Course: User-centric bandwidth-monitored focus group,2027-03-20T14:06:21.412209,3,2027-02-09T14:06:21.412209,2027-02-11T14:06:21.412209,david18,5,Help war pass clear side inside glass call amount beyond.
Specialization: Dietitian,4.3,Austin Green,Engage cross-platform architectures,Course: Distributed next generation matrices,2027-05-12T00:22:29.369155,3,2027-04-03T00:22:29.369155,2027-04-05T00:22:29.369155,tdickerson,3,Clear realize movement production kid station along.
"Specialization: Designer, multimedia",4.3,Patricia King,Extend innovative roi,Course: Decentralized scalable encoding,2027-01-27T13:25:12.962480,4,2026-12-26T13:25:12.962480,2026-12-28T13:25:12.962480,sbrown,3,Everything space decade central parent thank drug get collection.
Specialization: Technical author,4.7,Jill Jones,Drive strategic info-mediaries,Course: Horizontal fault-tolerant functionalities,2026-07-19T17:37:56.213248,4,2026-06-17T17:37:56.213248,2026-06-19T17:37:56.213248,santiagokevin,4,Alone voice report pretty only.
"Specialization: Administrator, charities/voluntary organisations",4.5,Benjamin Heath,Incentivize extensible paradigms,Course: User-centric bandwidth-monitored focus group,2027-03-20T14:06:21.412209,1,2027-01-26T14:06:21.412209,2027-01-28T14:06:21.412209,cervantesnathan,5,And travel matter evidence business design whole goal.
"Specialization: Administrator, sports",4.8,David Conner,Orchestrate seamless methodologies,Course: Diverse systematic firmware,2026-09-28T23:22:42.748891,1,2026-08-06T23:22:42.748891,2026-08-08T23:22:42.748891,jason28,4,Artist left case with center concern people.
Specialization: Publishing copy,4.2,Brett Mendez,Utilize web-enabled paradigms,Course: Public-key upward-trending success,2027-03-12T19:38:31.785842,1,2027-01-18T19:38:31.785842,2027-01-20T19:38:31.785842,rclark,4,Mother present feeling politics best edge he stay part start.
Specialization: Technical author,4.7,Mr. Kyle Wright,Expedite 24/365 systems,Course: Switchable zero tolerance frame,2027-06-05T20:35:28.741458,2,2027-04-20T20:35:28.741458,2027-04-22T20:35:28.741458,tbrewer,1,Fund send two bill chair couple conference.
Specialization: Archivist,4.0,David Randall,Evolve dynamic bandwidth,Course: Programmable interactive framework,2026-10-19T10:53:24.808770,2,2026-09-03T10:53:24.808770,2026-09-05T10:53:24.808770,kristinramirez,5,Writer sea night general grow physical central else.
"Specialization: Therapist, occupational",4.9,Jennifer Roberts,Harness robust technologies,Course: Quality-focused zero administration software,2027-01-08T00:05:01.559195,1,2026-11-16T00:05:01.559195,2026-11-18T00:05:01.559195,janice11,5,Speak quite whose fine activity mission.
"Specialization: Administrator, sports",4.8,Adam King,Embrace holistic roi,Course: Reduced asymmetric capability,2026-11-04T18:39:58.632420,3,2026-09-26T18:39:58.632420,2026-09-28T18:39:58.632420,fritter,5,Despite clear firm during up.
Specialization: Operational researcher,4.0,Mark Jones,Grow 24/365 communities,Course: Integrated client-driven synergy,2026-12-09T08:08:41.675040,2,2026-10-24T08:08:41.675040,2026-10-26T08:08:41.675040,jpatterson,2,May any instead move stuff go time somebody particularly.
Specialization: Technical author,4.7,Karen Sanchez,Scale b2b bandwidth,Course: Right-sized empowering array,2026-07-23T07:26:22.786982,1,2026-05-31T07:26:22.786982,2026-06-02T07:26:22.786982,hernandezsharon,5,Their behind end watch through method evening fact.
Specialization: Radio producer,4.0,John Trujillo,Morph sticky networks,Course: Cross-group leadingedge matrices,2026-07-20T04:25:03.863422,4,2026-06-18T04:25:03.863422,2026-06-20T04:25:03.863422,randallbrandon,5,Guy career of east machine ever happy he miss.
"Specialization: Therapist, occupational",4.9,Jason Mcgee,Unleash customized info-mediaries,Course: Profit-focused cohesive paradigm,2026-11-26T14:15:27.366700,1,2026-10-04T14:15:27.366700,2026-10-06T14:15:27.366700,moniqueyates,5,Song woman support single party thus either.
Specialization: Archivist,4.0,Melissa Sanchez,Synthesize extensible e-markets,Course: Future-proofed bandwidth-monitored time-frame,2026-08-01T12:09:08.524876,2,2026-06-16T12:09:08.524876,2026-06-18T12:09:08.524876,calebmurphy,4,Family fast strategy per else show five.
Specialization: Radio producer,4.0,John Trujillo,Morph sticky networks,Course: Extended upward-trending adapter,2026-10-22T02:21:50.998900,4,2026-09-20T02:21:50.998900,2026-09-22T02:21:50.998900,shane99,4,Former ago consider believe other.
Specialization: Radio producer,4.0,Michael Roberts,Engage strategic convergence,Course: Cross-group leadingedge matrices,2026-07-20T04:25:03.863422,1,2026-05-28T04:25:03.863422,2026-05-30T04:25:03.863422,alexandercalvin,5,Smile expect today management discuss behavior industry true others population.
Specialization: Archivist,4.0,Melissa Sanchez,Synthesize extensible e-markets,Course: Future-proofed bandwidth-monitored time-frame,2026-08-01T12:09:08.524876,3,2026-06-23T12:09:08.524876,2026-06-25T12:09:08.524876,cranecarol,4,Difference indicate important charge who social hot individual.
Specialization: Secondary school teacher,4.0,Dr. Timothy Martin DDS,Deliver value-added deliverables,Course: Monitored foreground open system,2026-12-27T01:52:40.503334,1,2026-11-04T01:52:40.503334,2026-11-06T01:52:40.503334,marybrown,5,Before which child six style campaign state pass brother.
"Specialization: Therapist, occupational",4.9,Jennifer Roberts,Harness robust technologies,Course: Quality-focused zero administration software,2027-01-08T00:05:01.559195,4,2026-12-07T00:05:01.559195,2026-12-09T00:05:01.559195,wilsonchristopher,4,Begin take participant seem.
"Specialization: Administrator, sports",4.8,Katherine Clayton,Seize 24/365 channels,Course: Quality-focused modular Internet solution,2027-03-22T00:38:28.365666,4,2027-02-18T00:38:28.365666,2027-02-20T00:38:28.365666,arellanonicole,4,Education lay though brother star nature.
Specialization: Publishing copy,4.2,Melissa Roach,Embrace user-centric eyeballs,Course: Public-key upward-trending success,2027-03-12T19:38:31.785842,2,2027-01-25T19:38:31.785842,2027-01-27T19:38:31.785842,hickmanryan,2,Employee create interest food break health.
Specialization: Dietitian,4.3,Jonathan Petersen,Generate magnetic models,Course: Self-enabling 4thgeneration flexibility,2026-08-10T22:50:15.345157,2,2026-06-25T22:50:15.345157,2026-06-27T22:50:15.345157,floressamantha,5,Process from fill rock similar least during time yeah second day.
Specialization: Secondary school teacher,4.0,Thomas Phillips,Scale plug-and-play synergies,Course: Monitored foreground open system,2026-12-27T01:52:40.503334,3,2026-11-18T01:52:40.503334,2026-11-20T01:52:40.503334,brandi68,5,Attention court decade build experience war.
Specialization: Archivist,4.0,David Randall,Evolve dynamic bandwidth,Course: Horizontal discrete hardware,2026-10-25T23:06:15.543341,4,2026-09-23T23:06:15.543341,2026-09-25T23:06:15.543341,kevin82,3,Indeed thing out fly fall individual as.
Specialization: Radio producer,4.0,Erin Rogers,Envisioneer scalable roi,Course: Cross-group leadingedge matrices,2026-07-20T04:25:03.863422,2,2026-06-04T04:25:03.863422,2026-06-06T04:25:03.863422,ashleydavis,4,Bank sea nature address full matter factor official.
Specialization: Air traffic controller,4.3,Sheila Myers,Incubate interactive methodologies,Course: Optimized background productivity,2026-06-23T06:18:36.953361,3,2026-05-15T06:18:36.953361,2026-05-17T06:18:36.953361,tchapman,3,Region attention town win bill model space recognize tree meet.
"Specialization: Administrator, sports",4.8,Raymond Kelley,Grow 24/365 e-markets,Course: Upgradable web-enabled capacity,2027-01-14T07:23:04.306601,3,2026-12-06T07:23:04.306601,2026-12-08T07:23:04.306601,james47,5,Hospital once modern occur behind.
Specialization: Operational researcher,4.0,Anthony Reynolds,Drive bricks-and-clicks architectures,Course: Down-sized user-facing moratorium,2027-05-29T04:43:38.341757,1,2027-04-06T04:43:38.341757,2027-04-08T04:43:38.341757,lorichang,5,Bring treatment area science thank play small owner.
Specialization: Archivist,4.0,Susan Barry,Strategize frictionless supply-chains,Course: Future-proofed bandwidth-monitored time-frame,2026-08-01T12:09:08.524876,4,2026-06-30T12:09:08.524876,2026-07-02T12:09:08.524876,shawn49,5,Plant begin financial establish hope standard allow away.
Specialization: Secondary school teacher,4.0,Chad Bell,Engineer plug-and-play users,Course: Visionary web-enabled complexity,2027-03-10T19:47:19.767566,2,2027-01-23T19:47:19.767566,2027-01-25T19:47:19.767566,jking,3,Kind boy toward effect source catch sing direction.
Specialization: Dietitian,4.3,Austin Green,Engage cross-platform architectures,Course: Down-sized fault-tolerant moderator,2027-02-17T00:30:49.249726,1,2026-12-26T00:30:49.249726,2026-12-28T00:30:49.249726,qmartinez,5,Yeah idea good direction expect none.
"Specialization: Designer, multimedia",4.3,Brad Gonzalez,Optimize enterprise action-items,Course: Digitized tertiary matrix,2027-01-14T23:07:08.827124,4,2026-12-13T23:07:08.827124,2026-12-15T23:07:08.827124,sbowen,5,Owner sound garden quickly.
"Specialization: Engineer, aeronautical",4.9,Michelle Holmes,Deliver cross-platform solutions,Course: Fully-configurable 5thgeneration instruction set,2027-06-03T04:07:33.474432,2,2027-04-18T04:07:33.474432,2027-04-20T04:07:33.474432,christiantaylor,4,Develop condition standard hope create produce PM some always white.
"Specialization: Administrator, sports",4.8,Michael Clarke,Maximize open-source infrastructures,Course: Horizontal human-resource software,2026-12-06T10:05:42.911073,2,2026-10-21T10:05:42.911073,2026-10-23T10:05:42.911073,bowmanelizabeth,5,Reality occur statement one term single drop she town.
Specialization: Archivist,4.0,Stephanie Watson DDS,Incubate out-of-the-box experiences,Course: Horizontal discrete hardware,2026-10-25T23:06:15.543341,1,2026-09-02T23:06:15.543341,2026-09-04T23:06:15.543341,osmith,5,Pm west smile once good increase road.
Specialization: Dietitian,4.3,Austin Green,Engage cross-platform architectures,Course: Down-sized fault-tolerant moderator,2027-02-17T00:30:49.249726,2,2027-01-02T00:30:49.249726,2027-01-04T00:30:49.249726,john11,4,Put right against including too country political respond player.
Specialization: Operational researcher,4.0,Barbara Washington,Syndicate intuitive technologies,Course: Face-to-face solution-oriented strategy,2026-10-28T13:26:28.046057,4,2026-09-26T13:26:28.046057,2026-09-28T13:26:28.046057,amandalopez,5,Seat official item fast must rise.
Specialization: Secondary school teacher,4.0,Christian Smith,Implement ubiquitous solutions,Course: Pre-emptive regional website,2027-02-08T01:47:30.641886,3,2026-12-31T01:47:30.641886,2027-01-02T01:47:30.641886,jaredjohnson,5,Late almost age international message serious less team she.
Specialization: Archivist,4.0,Michelle Rose,Visualize 24/365 interfaces,Course: Right-sized global instruction set,2027-03-03T14:07:04.192181,3,2027-01-23T14:07:04.192181,2027-01-25T14:07:04.192181,melissa86,5,Score go poor off safe miss yet sure.
"Specialization: Teacher, music",4.0,Madison Burnett,Expedite web-enabled networks,Course: Front-line leadingedge hub,2026-11-30T01:22:19.900793,2,2026-10-15T01:22:19.900793,2026-10-17T01:22:19.900793,ryandaniels,5,Region increase take onto sing trouble most young themselves certainly.
"Specialization: Teacher, music",4.0,Madison Burnett,Expedite web-enabled networks,Course: Front-line leadingedge hub,2026-11-30T01:22:19.900793,3,2026-10-22T01:22:19.900793,2026-10-24T01:22:19.900793,jennifer01,5,After write man mother vote buy meet.
"Specialization: Therapist, occupational",4.9,Shaun Ward,Streamline dynamic platforms,Course: Multi-layered client-driven contingency,2026-08-31T00:06:17.906547,4,2026-07-30T00:06:17.906547,2026-08-01T00:06:17.906547,ashley67,4,Check no our fall class those.
Specialization: Air traffic controller,4.3,Lisa Gonzales,Leverage efficient infrastructures,Course: Multi-layered 3rdgeneration framework,2026-08-26T20:56:29.704685,1,2026-07-04T20:56:29.704685,2026-07-06T20:56:29.704685,mmayo,5,Alone financial learn Republican born network stock cut center.
"Specialization: Therapist, occupational",4.9,Jennifer Roberts,Harness robust technologies,Course: Quality-focused zero administration software,2027-01-08T00:05:01.559195,3,2026-11-30T00:05:01.559195,2026-12-02T00:05:01.559195,hodgewilliam,4,Answer security all which kind.
"Specialization: Therapist, occupational",4.9,Shaun Ward,Streamline dynamic platforms,Course: Multi-layered client-driven contingency,2026-08-31T00:06:17.906547,1,2026-07-09T00:06:17.906547,2026-07-11T00:06:17.906547,brownsarah,5,Pull power nearly however reduce job conference.
"Specialization: Engineer, aeronautical",4.9,Michelle Holmes,Deliver cross-platform solutions,Course: Fully-configurable 5thgeneration instruction set,2027-06-03T04:07:33.474432,1,2027-04-11T04:07:33.474432,2027-04-13T04:07:33.474432,george87,5,Gas her responsibility maybe tonight some drive.
Specialization: Secondary school teacher,4.0,Christopher Smith,Empower mission-critical networks,Course: Advanced human-resource adapter,2026-06-07T13:00:35.513084,2,2026-04-22T13:00:35.513084,2026-04-24T13:00:35.513084,steven02,5,Bring during woman woman step base all only.
Specialization: Technical author,4.7,Mr. Kyle Wright,Expedite 24/365 systems,Course: Ergonomic empowering initiative,2027-01-24T12:11:43.045341,4,2026-12-23T12:11:43.045341,2026-12-25T12:11:43.045341,patricia24,4,Partner success though modern enough support.
"Specialization: Designer, multimedia",4.3,Wyatt Johnson,Leverage next-generation info-mediaries,Course: Triple-buffered exuding migration,2026-06-22T16:18:58.231449,4,2026-05-21T16:18:58.231449,2026-05-23T16:18:58.231449,mitchellpowell,2,Could huge talk hope.
"Specialization: Designer, multimedia",4.3,Wyatt Johnson,Leverage next-generation info-mediaries,Course: Triple-buffered exuding migration,2026-06-22T16:18:58.231449,2,2026-05-07T16:18:58.231449,2026-05-09T16:18:58.231449,shannon11,3,Air discussion court street number.
Specialization: Technical author,4.7,Stacy Rivera,Visualize best-of-breed channels,Course: Ergonomic empowering initiative,2027-01-24T12:11:43.045341,1,2026-12-02T12:11:43.045341,2026-12-04T12:11:43.045341,thomasamanda,4,Future less knowledge society start nor before our.
Specialization: Publishing copy,4.2,Daniel Kelly,Expedite ubiquitous info-mediaries,Course: Team-oriented methodical website,2026-12-04T08:17:39.160293,1,2026-10-12T08:17:39.160293,2026-10-14T08:17:39.160293,terri43,5,Inside should beautiful role these onto usually.
Specialization: Air traffic controller,4.3,Savannah Rich,Envisioneer leading-edge interfaces,Course: Multi-layered 3rdgeneration framework,2026-08-26T20:56:29.704685,3,2026-07-18T20:56:29.704685,2026-07-20T20:56:29.704685,goodwinhunter,1,From education key detail economy fish suffer two central.
"Specialization: Therapist, occupational",4.9,Paula Harvey,Synergize e-business networks,Course: Multi-layered client-driven contingency,2026-08-31T00:06:17.906547,2,2026-07-16T00:06:17.906547,2026-07-18T00:06:17.906547,leejoel,4,Rise common five possible point discussion such all.
Specialization: Radio producer,4.0,Erin Rogers,Envisioneer scalable roi,Course: Cross-group leadingedge matrices,2026-07-20T04:25:03.863422,3,2026-06-11T04:25:03.863422,2026-06-13T04:25:03.863422,igreen,5,Build when fill character difficult political step ready factor report.
Specialization: Archivist,4.0,David Randall,Evolve dynamic bandwidth,Course: Vision-oriented system-worthy budgetary management,2027-04-06T07:21:20.336422,3,2027-02-26T07:21:20.336422,2027-02-28T07:21:20.336422,petersenjeffrey,1,Understand memory same remain information garden measure last choose.
"Specialization: Engineer, biomedical",4.4,Erik Randolph,Disintermediate interactive models,Course: Innovative executive artificial intelligence,2026-09-30T19:38:26.082040,2,2026-08-15T19:38:26.082040,2026-08-17T19:38:26.082040,jameshendricks,5,Building positive almost room poor sell still public mention book.
"Specialization: Engineer, aeronautical",4.9,Jon Powers,Enhance distributed systems,Course: Polarized asynchronous knowledgebase,2026-10-18T19:22:29.090991,1,2026-08-26T19:22:29.090991,2026-08-28T19:22:29.090991,davidwade,5,Stage environmental factor free itself read form.
"Specialization: Administrator, sports",4.8,Michael Clarke,Maximize open-source infrastructures,Course: Horizontal human-resource software,2026-12-06T10:05:42.911073,3,2026-10-28T10:05:42.911073,2026-10-30T10:05:42.911073,coffeycatherine,5,Central anyone early edge coach blood main.
"Specialization: Teacher, music",4.0,David Robinson,Enable scalable portals,Course: Front-line leadingedge hub,2026-11-30T01:22:19.900793,2,2026-10-15T01:22:19.900793,2026-10-17T01:22:19.900793,jennifer58,5,Pull quality can nation him detail standard ago a agree.
"Specialization: Engineer, biomedical",4.4,Dana King,Streamline distributed technologies,Course: Re-engineered discrete solution,2026-11-30T09:19:19.112211,1,2026-10-08T09:19:19.112211,2026-10-10T09:19:19.112211,ashleyjones,5,Visit sign action easy large four air character eye commercial.
"Specialization: Administrator, sports",4.8,John Conner,Incentivize granular infrastructures,Course: Diverse systematic firmware,2026-09-28T23:22:42.748891,4,2026-08-27T23:22:42.748891,2026-08-29T23:22:42.748891,rjohnson,4,Door her go week court practice market finally green.
Specialization: Air traffic controller,4.3,Sheila Myers,Incubate interactive methodologies,Course: Function-based multi-tasking instruction set,2026-10-07T16:05:53.856978,4,2026-09-05T16:05:53.856978,2026-09-07T16:05:53.856978,sharon29,5,Recently know guy goal management modern though section four nature.
Specialization: Archivist,4.0,David Randall,Evolve dynamic bandwidth,Course: Programmable interactive framework,2026-10-19T10:53:24.808770,4,2026-09-17T10:53:24.808770,2026-09-19T10:53:24.808770,smithlogan,4,Miss include husband capital study.
Specialization: Air traffic controller,4.3,Christopher Turner,Brand world-class vortals,Course: Optimized 3rdgeneration orchestration,2027-04-14T08:01:14.482131,2,2027-02-27T08:01:14.482131,2027-03-01T08:01:14.482131,stefanie10,5,Rock travel environment employee treatment occur civil usually police.
Specialization: Technical author,4.7,Misty Ingram,Architect bricks-and-clicks schemas,Course: Switchable zero tolerance frame,2027-06-05T20:35:28.741458,2,2027-04-20T20:35:28.741458,2027-04-22T20:35:28.741458,chasewillis,5,Minute such big gun report wind.
Specialization: Operational researcher,4.0,Mark Jones,Grow 24/365 communities,Course: Integrated client-driven synergy,2026-12-09T08:08:41.675040,2,2026-10-24T08:08:41.675040,2026-10-26T08:08:41.675040,tannermccormick,5,Floor material alone beat per these hard instead.
"Specialization: Teacher, music",4.0,David Robinson,Enable scalable portals,Course: User-centric homogeneous Graphical User Interface,2027-05-29T21:23:32.799574,4,2027-04-27T21:23:32.799574,2027-04-29T21:23:32.799574,emeza,5,Without performance people present break behavior.
Specialization: Dietitian,4.3,William Peterson,Enable compelling e-commerce,Course: Distributed next generation matrices,2027-05-12T00:22:29.369155,1,2027-03-20T00:22:29.369155,2027-03-22T00:22:29.369155,norman89,3,Key book food century east quality major whole.
"Specialization: Teacher, music",4.0,William Pearson,Incentivize interactive metrics,Course: Future-proofed intangible capacity,2027-05-29T17:41:33.233547,1,2027-04-06T17:41:33.233547,2027-04-08T17:41:33.233547,rushkelly,4,Oil real government mission stand great ten dark.
"Specialization: Engineer, biomedical",4.4,David Johnson,Syndicate integrated functionalities,Course: Down-sized transitional moderator,2026-10-21T10:40:55.025889,4,2026-09-19T10:40:55.025889,2026-09-21T10:40:55.025889,banderson,5,Former walk suddenly ability evidence industry.
Specialization: Operational researcher,4.0,Anthony Reynolds,Drive bricks-and-clicks architectures,Course: Ergonomic interactive array,2027-01-20T18:18:34.548171,3,2026-12-12T18:18:34.548171,2026-12-14T18:18:34.548171,smoran,5,Off similar news day put but public.
"Specialization: Administrator, charities/voluntary organisations",4.5,Jack Ward,Integrate interactive e-commerce,Course: Profit-focused responsive Graphic Interface,2027-01-10T00:12:44.552448,4,2026-12-09T00:12:44.552448,2026-12-11T00:12:44.552448,meagan56,4,Local feel see lead job.
Specialization: Publishing copy,4.2,Brett Mendez,Utilize web-enabled paradigms,Course: Public-key upward-trending success,2027-03-12T19:38:31.785842,4,2027-02-08T19:38:31.785842,2027-02-10T19:38:31.785842,ucarey,5,Five clear end pretty good save quickly movement.
"Specialization: Engineer, aeronautical",4.9,Richard Crawford,Transform intuitive bandwidth,Course: Down-sized didactic extranet,2027-05-14T15:08:29.961452,3,2027-04-05T15:08:29.961452,2027-04-07T15:08:29.961452,tracyhaney,5,Too leader kind yes record sort usually short include.
Specialization: Archivist,4.0,David Randall,Evolve dynamic bandwidth,Course: Programmable interactive framework,2026-10-19T10:53:24.808770,2,2026-09-03T10:53:24.808770,2026-09-05T10:53:24.808770,kristina39,4,Stand peace later shake probably century receive responsibility draw peace message.
"Specialization: Administrator, sports",4.8,Adam King,Embrace holistic roi,Course: Upgradable web-enabled capacity,2027-01-14T07:23:04.306601,1,2026-11-22T07:23:04.306601,2026-11-24T07:23:04.306601,amy20,4,Size environment simple listen almost develop person ball often down.
Specialization: Radio producer,4.0,Erin Rogers,Envisioneer scalable roi,Course: Extended upward-trending adapter,2026-10-22T02:21:50.998900,2,2026-09-06T02:21:50.998900,2026-09-08T02:21:50.998900,mmartinez,5,Husband page standard letter admit radio upon their.
Specialization: Dietitian,4.3,Jonathan Petersen,Generate magnetic models,Course: Down-sized fault-tolerant moderator,2027-02-17T00:30:49.249726,4,2027-01-16T00:30:49.249726,2027-01-18T00:30:49.249726,kelli06,5,Hold however model capital hair important off break.
Specialization: Secondary school teacher,4.0,Megan Malone,Innovate one-to-one bandwidth,Course: Advanced human-resource adapter,2026-06-07T13:00:35.513084,4,2026-05-06T13:00:35.513084,2026-05-08T13:00:35.513084,brad61,5,Design record maintain spend company general.
"Specialization: Designer, multimedia",4.3,Sarah Hodges,Deliver viral deliverables,Course: Fully-configurable modular synergy,2026-11-11T14:37:53.387493,1,2026-09-19T14:37:53.387493,2026-09-21T14:37:53.387493,shanechavez,3,Central nature management just series.
Specialization: Technical author,4.7,Misty Ingram,Architect bricks-and-clicks schemas,Course: Switchable zero tolerance frame,2027-06-05T20:35:28.741458,3,2027-04-27T20:35:28.741458,2027-04-29T20:35:28.741458,dana79,5,Knowledge for pass up because process beyond.
"Specialization: Therapist, occupational",4.9,Jason Mcgee,Unleash customized info-mediaries,Course: Programmable disintermediate emulation,2027-02-24T03:36:46.675022,3,2027-01-16T03:36:46.675022,2027-01-18T03:36:46.675022,emily59,5,Source director need word pattern half.
Specialization: Technical author,4.7,Misty Ingram,Architect bricks-and-clicks schemas,Course: Horizontal fault-tolerant functionalities,2026-07-19T17:37:56.213248,2,2026-06-03T17:37:56.213248,2026-06-05T17:37:56.213248,travisvalerie,5,Weight onto back cell four successful.
Specialization: Publishing copy,4.2,William Duran,Strategize out-of-the-box action-items,Course: Up-sized 6thgeneration paradigm,2026-07-02T05:46:55.077945,4,2026-05-31T05:46:55.077945,2026-06-02T05:46:55.077945,hughesdawn,5,Ask himself investment save industry part will radio personal person.
"Specialization: Teacher, music",4.0,Rachel Alvarez,Benchmark out-of-the-box schemas,Course: Proactive optimal neural-net,2027-05-02T03:15:17.302879,3,2027-03-24T03:15:17.302879,2027-03-26T03:15:17.302879,samanthasanders,5,Total model score pattern no follow decide pressure save always.
Specialization: Air traffic controller,4.3,Suzanne Phillips,Engineer impactful action-items,Course: Function-based multi-tasking instruction set,2026-10-07T16:05:53.856978,1,2026-08-15T16:05:53.856978,2026-08-17T16:05:53.856978,camposstuart,5,Reflect color foreign attack head between.
Specialization: Radio producer,4.0,Carmen Lewis,Transform synergistic roi,Course: Optimized 6thgeneration capability,2027-01-14T13:51:31.935845,1,2026-11-22T13:51:31.935845,2026-11-24T13:51:31.935845,heather47,5,Treat cut continue majority garden because new reality opportunity sit society.
"Specialization: Designer, multimedia",4.3,Patricia King,Extend innovative roi,Course: Decentralized scalable encoding,2027-01-27T13:25:12.962480,4,2026-12-26T13:25:12.962480,2026-12-28T13:25:12.962480,james87,5,Half true yet yourself item rest.
Specialization: Air traffic controller,4.3,Dana Phillips,Strategize interactive schemas,Course: Optimized background productivity,2026-06-23T06:18:36.953361,2,2026-05-08T06:18:36.953361,2026-05-10T06:18:36.953361,marcdennis,4,Call commercial have car serious trip then rest technology.
Specialization: Air traffic controller,4.3,Lisa Gonzales,Leverage efficient infrastructures,Course: Multi-layered 3rdgeneration framework,2026-08-26T20:56:29.704685,2,2026-07-11T20:56:29.704685,2026-07-13T20:56:29.704685,billshields,5,Imagine middle number stop data language go building really think.
Specialization: Radio producer,4.0,Michael Roberts,Engage strategic convergence,Course: Optimized 6thgeneration capability,2027-01-14T13:51:31.935845,3,2026-12-06T13:51:31.935845,2026-12-08T13:51:31.935845,matthew77,3,Region machine fill TV available though.
Specialization: Technical author,4.7,Karen Sanchez,Scale b2b bandwidth,Course: Right-sized empowering array,2026-07-23T07:26:22.786982,4,2026-06-21T07:26:22.786982,2026-06-23T07:26:22.786982,rbooker,4,Shake majority approach campaign prevent.
Specialization: Air traffic controller,4.3,Lisa Gonzales,Leverage efficient infrastructures,Course: Multi-layered 3rdgeneration framework,2026-08-26T20:56:29.704685,1,2026-07-04T20:56:29.704685,2026-07-06T20:56:29.704685,lmiller,3,Since police past well himself identify adult oil mention.
Specialization: Operational researcher,4.0,Anthony Reynolds,Drive bricks-and-clicks architectures,Course: Ergonomic interactive array,2027-01-20T18:18:34.548171,4,2026-12-19T18:18:34.548171,2026-12-21T18:18:34.548171,qhuang,5,Security reach girl either degree rather customer nation.
Specialization: Radio producer,4.0,Michael Roberts,Engage strategic convergence,Course: Integrated mission-critical moratorium,2026-07-26T05:20:37.057204,2,2026-06-10T05:20:37.057204,2026-06-12T05:20:37.057204,robertmcdaniel,5,Door early church shake staff join close story grow about.
"Specialization: Administrator, charities/voluntary organisations",4.5,Benjamin Aguilar,Envisioneer cross-media eyeballs,Course: Seamless fresh-thinking challenge,2026-09-05T12:56:25.413265,2,2026-07-21T12:56:25.413265,2026-07-23T12:56:25.413265,jlewis,5,Security officer because only adult.
"Specialization: Therapist, occupational",4.9,Paula Harvey,Synergize e-business networks,Course: Multi-layered client-driven contingency,2026-08-31T00:06:17.906547,4,2026-07-30T00:06:17.906547,2026-08-01T00:06:17.906547,williamdavid,4,Health forget security economy baby raise environmental north price.
"Specialization: Teacher, music",4.0,William Pearson,Incentivize interactive metrics,Course: Proactive optimal neural-net,2027-05-02T03:15:17.302879,4,2027-03-31T03:15:17.302879,2027-04-02T03:15:17.302879,jonathan41,4,Safe month majority past trip question national page recognize.
"Specialization: Teacher, music",4.0,William Pearson,Incentivize interactive metrics,Course: Proactive optimal neural-net,2027-05-02T03:15:17.302879,3,2027-03-24T03:15:17.302879,2027-03-26T03:15:17.302879,sleonard,5,Record add her firm Democrat crime note.
"Specialization: Engineer, aeronautical",4.9,William Reynolds,Extend visionary platforms,Course: Polarized asynchronous knowledgebase,2026-10-18T19:22:29.090991,2,2026-09-02T19:22:29.090991,2026-09-04T19:22:29.090991,george78,4,Amount face coach west big or.
"Specialization: Teacher, music",4.0,David Robinson,Enable scalable portals,Course: User-centric homogeneous Graphical User Interface,2027-05-29T21:23:32.799574,4,2027-04-27T21:23:32.799574,2027-04-29T21:23:32.799574,phillipsdawn,5,Sell bill discover task its drop help.
Specialization: Air traffic controller,4.3,Dana Phillips,Strategize interactive schemas,Course: Optimized background productivity,2026-06-23T06:18:36.953361,1,2026-05-01T06:18:36.953361,2026-05-03T06:18:36.953361,courtney60,4,Could traditional up fly.
Specialization: Dietitian,4.3,Austin Green,Engage cross-platform architectures,Course: Distributed next generation matrices,2027-05-12T00:22:29.369155,4,2027-04-10T00:22:29.369155,2027-04-12T00:22:29.369155,stacey92,5,Magazine plant situation kid hundred benefit cost.
Specialization: Operational researcher,4.0,Barbara Washington,Syndicate intuitive technologies,Course: Integrated client-driven synergy,2026-12-09T08:08:41.675040,3,2026-10-31T08:08:41.675040,2026-11-02T08:08:41.675040,jerryortiz,3,Figure mention prepare trial realize enough ground approach never.
"Specialization: Engineer, biomedical",4.4,William Lynn,Maximize collaborative web-readiness,Course: Business-focused scalable superstructure,2027-03-10T21:10:44.288953,2,2027-01-23T21:10:44.288953,2027-01-25T21:10:44.288953,jacksonjohn,4,And else own service campaign management traditional.
Specialization: Dietitian,4.3,Jonathan Petersen,Generate magnetic models,Course: Down-sized fault-tolerant moderator,2027-02-17T00:30:49.249726,1,2026-12-26T00:30:49.249726,2026-12-28T00:30:49.249726,jessicaalexander,5,Defense word understand dinner after although sometimes watch join shake.
Specialization: Technical author,4.7,Mr. Kyle Wright,Expedite 24/365 systems,Course: Ergonomic empowering initiative,2027-01-24T12:11:43.045341,3,2026-12-16T12:11:43.045341,2026-12-18T12:11:43.045341,sharonhendrix,5,Prevent site range wear of school five during.
Specialization: Dietitian,4.3,Alicia Goodwin,Repurpose distributed experiences,Course: Self-enabling secondary leverage,2027-05-09T15:28:48.386373,3,2027-03-31T15:28:48.386373,2027-04-02T15:28:48.386373,hurleydonna,3,Southern public level address president paper.
"Specialization: Administrator, sports",4.8,David Conner,Orchestrate seamless methodologies,Course: Diverse systematic firmware,2026-09-28T23:22:42.748891,3,2026-08-20T23:22:42.748891,2026-08-22T23:22:42.748891,owilliams,3,Camera it knowledge debate after new send.
"Specialization: Administrator, charities/voluntary organisations",4.5,Patricia Brown MD,Integrate dynamic mindshare,Course: Configurable upward-trending encryption,2026-10-23T02:24:38.426319,3,2026-09-14T02:24:38.426319,2026-09-16T02:24:38.426319,ihorn,4,Vote difference leave week while respond account general.
Specialization: Air traffic controller,4.3,Suzanne Phillips,Engineer impactful action-items,Course: Function-based multi-tasking instruction set,2026-10-07T16:05:53.856978,2,2026-08-22T16:05:53.856978,2026-08-24T16:05:53.856978,pnelson,3,Modern into fine outside.
"Specialization: Engineer, biomedical",4.4,David Johnson,Syndicate integrated functionalities,Course: Down-sized transitional moderator,2026-10-21T10:40:55.025889,4,2026-09-19T10:40:55.025889,2026-09-21T10:40:55.025889,laura36,5,Amount other dinner left determine public establish.
"Specialization: Administrator, charities/voluntary organisations",4.5,Taylor Gray,Evolve bricks-and-clicks markets,Course: Profit-focused responsive Graphic Interface,2027-01-10T00:12:44.552448,2,2026-11-25T00:12:44.552448,2026-11-27T00:12:44.552448,mwhite,4,Deep available interesting international sense shoulder happen base behavior others staff.
Specialization: Publishing copy,4.2,William Duran,Strategize out-of-the-box action-items,Course: Team-oriented methodical website,2026-12-04T08:17:39.160293,3,2026-10-26T08:17:39.160293,2026-10-28T08:17:39.160293,samuel95,5,Capital pull I civil join thank simply somebody hold.
Specialization: Radio producer,4.0,Erin Rogers,Envisioneer scalable roi,Course: Cross-group leadingedge matrices,2026-07-20T04:25:03.863422,1,2026-05-28T04:25:03.863422,2026-05-30T04:25:03.863422,darrenlopez,5,Worker I available teach picture together civil into.
Specialization: Archivist,4.0,Michelle Rose,Visualize 24/365 interfaces,Course: Right-sized global instruction set,2027-03-03T14:07:04.192181,3,2027-01-23T14:07:04.192181,2027-01-25T14:07:04.192181,carlos35,5,Wide pressure under focus seek father sound recently.
Specialization: Technical author,4.7,Karen Sanchez,Scale b2b bandwidth,Course: Right-sized empowering array,2026-07-23T07:26:22.786982,3,2026-06-14T07:26:22.786982,2026-06-16T07:26:22.786982,xcalhoun,5,Garden form including anything simple shoulder create.
Specialization: Air traffic controller,4.3,Dana Phillips,Strategize interactive schemas,Course: Optimized 3rdgeneration orchestration,2027-04-14T08:01:14.482131,3,2027-03-06T08:01:14.482131,2027-03-08T08:01:14.482131,andersonlouis,3,She floor five court throw brother responsibility pay thought red environment.
Specialization: Technical author,4.7,Jill Jones,Drive strategic info-mediaries,Course: Horizontal fault-tolerant functionalities,2026-07-19T17:37:56.213248,2,2026-06-03T17:37:56.213248,2026-06-05T17:37:56.213248,melissavasquez,4,Pretty degree opportunity memory last pull sport stop lay late.
Specialization: Archivist,4.0,Susan Barry,Strategize frictionless supply-chains,Course: Future-proofed bandwidth-monitored time-frame,2026-08-01T12:09:08.524876,3,2026-06-23T12:09:08.524876,2026-06-25T12:09:08.524876,lewiskevin,5,Remain soon least sing film.
Specialization: Secondary school teacher,4.0,Megan Malone,Innovate one-to-one bandwidth,Course: Monitored foreground open system,2026-12-27T01:52:40.503334,3,2026-11-18T01:52:40.503334,2026-11-20T01:52:40.503334,randyking,5,Than enter society war approach several.
"Specialization: Administrator, charities/voluntary organisations",4.5,Jack Ward,Integrate interactive e-commerce,Course: Profit-focused responsive Graphic Interface,2027-01-10T00:12:44.552448,2,2026-11-25T00:12:44.552448,2026-11-27T00:12:44.552448,david71,5,Through imagine issue finally whatever.
Specialization: Operational researcher,4.0,Brent Smith,Mesh distributed users,Course: Multi-layered upward-trending solution,2026-10-11T03:45:23.970842,2,2026-08-26T03:45:23.970842,2026-08-28T03:45:23.970842,igomez,4,Quickly responsibility moment hope add degree purpose provide during power.
"Specialization: Administrator, sports",4.8,Katherine Clayton,Seize 24/365 channels,Course: Quality-focused modular Internet solution,2027-03-22T00:38:28.365666,1,2027-01-28T00:38:28.365666,2027-01-30T00:38:28.365666,kingmichael,5,Thus across appear hold care movie list.
Specialization: Publishing copy,4.2,Todd Williams,Benchmark world-class channels,Course: Balanced contextually-based alliance,2027-02-20T20:01:08.017504,3,2027-01-12T20:01:08.017504,2027-01-14T20:01:08.017504,thomas93,3,Official above treatment try drive wish.
"Specialization: Teacher, music",4.0,William Pearson,Incentivize interactive metrics,Course: Future-proofed intangible capacity,2027-05-29T17:41:33.233547,4,2027-04-27T17:41:33.233547,2027-04-29T17:41:33.233547,judithmartin,4,Of weight memory nice tend them.
"Specialization: Teacher, music",4.0,Jack Jackson,Engineer web-enabled networks,Course: Future-proofed intangible capacity,2027-05-29T17:41:33.233547,3,2027-04-20T17:41:33.233547,2027-04-22T17:41:33.233547,jasmine23,5,Record determine case ten pressure three.
Specialization: Technical author,4.7,Karen Sanchez,Scale b2b bandwidth,Course: Ergonomic empowering initiative,2027-01-24T12:11:43.045341,4,2026-12-23T12:11:43.045341,2026-12-25T12:11:43.045341,karen65,5,Notice tell less continue show wind.
"Specialization: Teacher, music",4.0,Madison Burnett,Expedite web-enabled networks,Course: User-centric homogeneous Graphical User Interface,2027-05-29T21:23:32.799574,1,2027-04-06T21:23:32.799574,2027-04-08T21:23:32.799574,michaelarnold,4,Little town star house hospital deal mean media.
Specialization: Secondary school teacher,4.0,Chad Bell,Engineer plug-and-play users,Course: Visionary web-enabled complexity,2027-03-10T19:47:19.767566,2,2027-01-23T19:47:19.767566,2027-01-25T19:47:19.767566,jbrown,5,Down particularly mean education check.
Specialization: Air traffic controller,4.3,Savannah Rich,Envisioneer leading-edge interfaces,Course: Upgradable 24/7 circuit,2026-08-26T11:10:41.091448,2,2026-07-11T11:10:41.091448,2026-07-13T11:10:41.091448,alecwalker,5,Air common author especially.
"Specialization: Administrator, sports",4.8,Adam King,Embrace holistic roi,Course: Upgradable web-enabled capacity,2027-01-14T07:23:04.306601,1,2026-11-22T07:23:04.306601,2026-11-24T07:23:04.306601,ygarza,5,Fast positive simply American prepare.
Specialization: Air traffic controller,4.3,Christopher Turner,Brand world-class vortals,Course: Optimized background productivity,2026-06-23T06:18:36.953361,3,2026-05-15T06:18:36.953361,2026-05-17T06:18:36.953361,ethantrevino,4,Action central director wrong not agree tell center bring.
Specialization: Technical author,4.7,Jill Jones,Drive strategic info-mediaries,Course: Horizontal fault-tolerant functionalities,2026-07-19T17:37:56.213248,4,2026-06-17T17:37:56.213248,2026-06-19T17:37:56.213248,holly03,5,Without marriage likely sister buy hear boy.
Specialization: Technical author,4.7,Karen Sanchez,Scale b2b bandwidth,Course: Ergonomic empowering initiative,2027-01-24T12:11:43.045341,1,2026-12-02T12:11:43.045341,2026-12-04T12:11:43.045341,pamelamoore,4,Method family democratic drug dream family candidate sister door security.
"Specialization: Engineer, biomedical",4.4,Dana King,Streamline distributed technologies,Course: Down-sized transitional moderator,2026-10-21T10:40:55.025889,4,2026-09-19T10:40:55.025889,2026-09-21T10:40:55.025889,thomasjohnson,4,Organization exactly prepare school also reveal morning million.
"Specialization: Teacher, music",4.0,William Pearson,Incentivize interactive metrics,Course: Future-proofed intangible capacity,2027-05-29T17:41:33.233547,4,2027-04-27T17:41:33.233547,2027-04-29T17:41:33.233547,robert63,3,Machine save meet trial force medical sort girl east reason.
"Specialization: Administrator, sports",4.8,John Conner,Incentivize granular infrastructures,Course: Diverse systematic firmware,2026-09-28T23:22:42.748891,4,2026-08-27T23:22:42.748891,2026-08-29T23:22:42.748891,alexandriamitchell,4,Message who enjoy entire bag.
Specialization: Archivist,4.0,Susan Barry,Strategize frictionless supply-chains,Course: Future-proofed bandwidth-monitored time-frame,2026-08-01T12:09:08.524876,1,2026-06-09T12:09:08.524876,2026-06-11T12:09:08.524876,jason59,5,Analysis memory season rather generation again then both provide.
Specialization: Archivist,4.0,Susan Barry,Strategize frictionless supply-chains,Course: Future-proofed bandwidth-monitored time-frame,2026-08-01T12:09:08.524876,2,2026-06-16T12:09:08.524876,2026-06-18T12:09:08.524876,gmoore,4,Feel threat decision though oil course.
Specialization: Radio producer,4.0,Michael Roberts,Engage strategic convergence,Course: Integrated mission-critical moratorium,2026-07-26T05:20:37.057204,3,2026-06-17T05:20:37.057204,2026-06-19T05:20:37.057204,fosterchase,5,Only still capital security she maybe place learn data certain.
Specialization: Publishing copy,4.2,William Duran,Strategize out-of-the-box action-items,Course: Team-oriented methodical website,2026-12-04T08:17:39.160293,3,2026-10-26T08:17:39.160293,2026-10-28T08:17:39.160293,sandersdanielle,3,Hospital allow then drug citizen consider.
"Specialization: Administrator, sports",4.8,Adam King,Embrace holistic roi,Course: Reduced asymmetric capability,2026-11-04T18:39:58.632420,1,2026-09-12T18:39:58.632420,2026-09-14T18:39:58.632420,bmoore,5,Science down trouble finish operation that subject member different parent.
"Specialization: Engineer, biomedical",4.4,Eric Burton,Extend cutting-edge bandwidth,Course: Innovative executive artificial intelligence,2026-09-30T19:38:26.082040,3,2026-08-22T19:38:26.082040,2026-08-24T19:38:26.082040,boylejohn,5,Congress series discussion tough along first use lawyer interview apply.
"Specialization: Teacher, music",4.0,William Pearson,Incentivize interactive metrics,Course: Future-proofed intangible capacity,2027-05-29T17:41:33.233547,1,2027-04-06T17:41:33.233547,2027-04-08T17:41:33.233547,alyssamorrow,5,Amount you save trip food behavior somebody information design future campaign.
Specialization: Operational researcher,4.0,Tiffany Lynch,Whiteboard dot-com markets,Course: Multi-layered upward-trending solution,2026-10-11T03:45:23.970842,2,2026-08-26T03:45:23.970842,2026-08-28T03:45:23.970842,johnsonsusan,5,New area teacher show fear soon ok.
"Specialization: Engineer, biomedical",4.4,William Lynn,Maximize collaborative web-readiness,Course: Stand-alone secondary initiative,2026-12-26T08:02:30.227710,4,2026-11-24T08:02:30.227710,2026-11-26T08:02:30.227710,shelby11,4,A vote middle expert southern financial.
Specialization: Dietitian,4.3,Austin Green,Engage cross-platform architectures,Course: Down-sized fault-tolerant moderator,2027-02-17T00:30:49.249726,4,2027-01-16T00:30:49.249726,2027-01-18T00:30:49.249726,devinestrada,5,Range magazine church responsibility add appear near particularly rich argue.
"Specialization: Designer, multimedia",4.3,Hannah Murray,Brand open-source eyeballs,Course: Triple-buffered exuding migration,2026-06-22T16:18:58.231449,3,2026-05-14T16:18:58.231449,2026-05-16T16:18:58.231449,mario89,5,Fire I enough decision ok long loss outside deal nearly.
"Specialization: Administrator, sports",4.8,Katherine Clayton,Seize 24/365 channels,Course: Quality-focused modular Internet solution,2027-03-22T00:38:28.365666,1,2027-01-28T00:38:28.365666,2027-01-30T00:38:28.365666,kristinadaniel,5,Campaign form worker fish build crime history whatever however.
Specialization: Dietitian,4.3,Joseph Adams MD,Evolve extensible architectures,Course: Realigned dedicated workforce,2026-07-26T21:47:20.980752,1,2026-06-03T21:47:20.980752,2026-06-05T21:47:20.980752,bennettmary,3,Ago party water no money pass itself class.
Specialization: Publishing copy,4.2,Melissa Roach,Embrace user-centric eyeballs,Course: Public-key upward-trending success,2027-03-12T19:38:31.785842,2,2027-01-25T19:38:31.785842,2027-01-27T19:38:31.785842,thomas08,4,Space describe office act.
"Specialization: Engineer, aeronautical",4.9,William Reynolds,Extend visionary platforms,Course: Polarized asynchronous knowledgebase,2026-10-18T19:22:29.090991,2,2026-09-02T19:22:29.090991,2026-09-04T19:22:29.090991,jacqueline00,5,Early do stuff effort issue international space country.
"Specialization: Teacher, music",4.0,Madison Burnett,Expedite web-enabled networks,Course: User-centric homogeneous Graphical User Interface,2027-05-29T21:23:32.799574,2,2027-04-13T21:23:32.799574,2027-04-15T21:23:32.799574,markwhite,4,Perhaps property travel total within loss large.
Specialization: Secondary school teacher,4.0,Megan Malone,Innovate one-to-one bandwidth,Course: Advanced human-resource adapter,2026-06-07T13:00:35.513084,1,2026-04-15T13:00:35.513084,2026-04-17T13:00:35.513084,abigailcortez,4,Important special once eat only his thus development phone relate personal.
"Specialization: Teacher, music",4.0,David Robinson,Enable scalable portals,Course: User-centric homogeneous Graphical User Interface,2027-05-29T21:23:32.799574,3,2027-04-20T21:23:32.799574,2027-04-22T21:23:32.799574,yweber,3,South word board bag society south heavy possible lot all.
"Specialization: Engineer, aeronautical",4.9,Richard Crawford,Transform intuitive bandwidth,Course: Fully-configurable 5thgeneration instruction set,2027-06-03T04:07:33.474432,4,2027-05-02T04:07:33.474432,2027-05-04T04:07:33.474432,jessica10,5,Factor present look I suggest future peace process site cut.
Specialization: Radio producer,4.0,Carmen Lewis,Transform synergistic roi,Course: Integrated mission-critical moratorium,2026-07-26T05:20:37.057204,3,2026-06-17T05:20:37.057204,2026-06-19T05:20:37.057204,jessica09,5,Stuff perform piece perhaps decide.
"Specialization: Administrator, charities/voluntary organisations",4.5,Benjamin Aguilar,Envisioneer cross-media eyeballs,Course: Extended attitude-oriented throughput,2026-06-23T23:30:49.193605,2,2026-05-08T23:30:49.193605,2026-05-10T23:30:49.193605,james28,5,Debate born town cultural goal wish how within population traditional.
Specialization: Archivist,4.0,Susan Barry,Strategize frictionless supply-chains,Course: Future-proofed bandwidth-monitored time-frame,2026-08-01T12:09:08.524876,3,2026-06-23T12:09:08.524876,2026-06-25T12:09:08.524876,cortezolivia,4,Represent address these onto coach image blood power site able.
Specialization: Operational researcher,4.0,Jonathan Turner,Optimize strategic deliverables,Course: Down-sized user-facing moratorium,2027-05-29T04:43:38.341757,3,2027-04-20T04:43:38.341757,2027-04-22T04:43:38.341757,seanbrown,5,Nor whose push out practice recent.
Specialization: Technical author,4.7,Misty Ingram,Architect bricks-and-clicks schemas,Course: Horizontal fault-tolerant functionalities,2026-07-19T17:37:56.213248,3,2026-06-10T17:37:56.213248,2026-06-12T17:37:56.213248,obriendan,5,Throw people change bring magazine social point situation Democrat.
Specialization: Publishing copy,4.2,Brett Mendez,Utilize web-enabled paradigms,Course: Public-key upward-trending success,2027-03-12T19:38:31.785842,1,2027-01-18T19:38:31.785842,2027-01-20T19:38:31.785842,james97,2,Question test green meet growth college.
"Specialization: Administrator, charities/voluntary organisations",4.5,Taylor Gray,Evolve bricks-and-clicks markets,Course: User-centric bandwidth-monitored focus group,2027-03-20T14:06:21.412209,1,2027-01-26T14:06:21.412209,2027-01-28T14:06:21.412209,kimberlyjohnson,5,Agreement second ever ahead.
"Specialization: Administrator, charities/voluntary organisations",4.5,Jack Ward,Integrate interactive e-commerce,Course: Configurable upward-trending encryption,2026-10-23T02:24:38.426319,4,2026-09-21T02:24:38.426319,2026-09-23T02:24:38.426319,michaelmiller,5,Need south skin president street challenge today inside.
Specialization: Operational researcher,4.0,Anthony Reynolds,Drive bricks-and-clicks architectures,Course: Face-to-face solution-oriented strategy,2026-10-28T13:26:28.046057,2,2026-09-12T13:26:28.046057,2026-09-14T13:26:28.046057,james50,3,Central debate company your take top sister glass move.
Specialization: Operational researcher,4.0,Anthony Reynolds,Drive bricks-and-clicks architectures,Course: Ergonomic interactive array,2027-01-20T18:18:34.548171,2,2026-12-05T18:18:34.548171,2026-12-07T18:18:34.548171,hkent,4,Song lose operation with do.
Specialization: Publishing copy,4.2,Daniel Martinez,Seize impactful portals,Course: Up-sized 6thgeneration paradigm,2026-07-02T05:46:55.077945,4,2026-05-31T05:46:55.077945,2026-06-02T05:46:55.077945,kurt22,5,Soon return explain day deal offer all.
"Specialization: Administrator, charities/voluntary organisations",4.5,Jack Ward,Integrate interactive e-commerce,Course: Profit-focused responsive Graphic Interface,2027-01-10T00:12:44.552448,2,2026-11-25T00:12:44.552448,2026-11-27T00:12:44.552448,brownnathan,4,Dream become assume magazine line student.
"Specialization: Designer, multimedia",4.3,Sarah Hodges,Deliver viral deliverables,Course: Decentralized scalable encoding,2027-01-27T13:25:12.962480,1,2026-12-05T13:25:12.962480,2026-12-07T13:25:12.962480,james14,5,Treat book friend war hair war music.
Specialization: Radio producer,4.0,John Trujillo,Morph sticky networks,Course: Cross-group leadingedge matrices,2026-07-20T04:25:03.863422,3,2026-06-11T04:25:03.863422,2026-06-13T04:25:03.863422,scott38,5,Nice allow show need so.
Specialization: Dietitian,4.3,Austin Green,Engage cross-platform architectures,Course: Distributed next generation matrices,2027-05-12T00:22:29.369155,3,2027-04-03T00:22:29.369155,2027-04-05T00:22:29.369155,wwalker,5,Toward meeting just right throughout cover such likely exactly certain.
"Specialization: Administrator, charities/voluntary organisations",4.5,Matthew Wagner,Whiteboard plug-and-play partnerships,Course: Extended attitude-oriented throughput,2026-06-23T23:30:49.193605,3,2026-05-15T23:30:49.193605,2026-05-17T23:30:49.193605,moorejeffrey,3,Oil entire while reflect teach spend prevent.
"Specialization: Engineer, biomedical",4.4,David Johnson,Syndicate integrated functionalities,Course: Down-sized transitional moderator,2026-10-21T10:40:55.025889,1,2026-08-29T10:40:55.025889,2026-08-31T10:40:55.025889,ybaldwin,5,Herself professional no evidence could can their into bit life.
"Specialization: Therapist, occupational",4.9,Martha Thompson,Scale revolutionary metrics,Course: Profit-focused cohesive paradigm,2026-11-26T14:15:27.366700,2,2026-10-11T14:15:27.366700,2026-10-13T14:15:27.366700,mbeltran,5,Five blue game development all economic over man mean economic.
Specialization: Publishing copy,4.2,Daniel Kelly,Expedite ubiquitous info-mediaries,Course: Team-oriented methodical website,2026-12-04T08:17:39.160293,1,2026-10-12T08:17:39.160293,2026-10-14T08:17:39.160293,cbradford,5,Kind save sign best make third kid should.
"Specialization: Engineer, aeronautical",4.9,Richard Crawford,Transform intuitive bandwidth,Course: Down-sized didactic extranet,2027-05-14T15:08:29.961452,1,2027-03-22T15:08:29.961452,2027-03-24T15:08:29.961452,lball,4,Five test condition account reality evening author price.
Specialization: Radio producer,4.0,Erin Rogers,Envisioneer scalable roi,Course: Extended upward-trending adapter,2026-10-22T02:21:50.998900,2,2026-09-06T02:21:50.998900,2026-09-08T02:21:50.998900,ubriggs,4,Start party grow these event agree yet national.
Specialization: Air traffic controller,4.3,Dana Phillips,Strategize interactive schemas,Course: Multi-layered 3rdgeneration framework,2026-08-26T20:56:29.704685,2,2026-07-11T20:56:29.704685,2026-07-13T20:56:29.704685,rosborn,5,Second she do whose eat green participant local.
Specialization: Secondary school teacher,4.0,Christopher Smith,Empower mission-critical networks,Course: Compatible empowering matrices,2027-02-22T16:09:07.853571,2,2027-01-07T16:09:07.853571,2027-01-09T16:09:07.853571,dylanburgess,5,Citizen out boy party five race military direction sound.
Specialization: Archivist,4.0,Amber Mora,Architect killer networks,Course: Horizontal discrete hardware,2026-10-25T23:06:15.543341,3,2026-09-16T23:06:15.543341,2026-09-18T23:06:15.543341,erin74,5,Beat attack data support shake like trade trouble discover keep.
Specialization: Air traffic controller,4.3,Savannah Rich,Envisioneer leading-edge interfaces,Course: Upgradable 24/7 circuit,2026-08-26T11:10:41.091448,4,2026-07-25T11:10:41.091448,2026-07-27T11:10:41.091448,rhernandez,5,Animal star might level product manager forward.
"Specialization: Administrator, charities/voluntary organisations",4.5,Matthew Wagner,Whiteboard plug-and-play partnerships,Course: Extended attitude-oriented throughput,2026-06-23T23:30:49.193605,4,2026-05-22T23:30:49.193605,2026-05-24T23:30:49.193605,jonesalexander,5,Figure check western half.
Specialization: Secondary school teacher,4.0,Christopher Smith,Empower mission-critical networks,Course: Compatible empowering matrices,2027-02-22T16:09:07.853571,4,2027-01-21T16:09:07.853571,2027-01-23T16:09:07.853571,megan86,4,East answer ten example thought Mrs tree station theory.
"Specialization: Designer, multimedia",4.3,Wyatt Johnson,Leverage next-generation info-mediaries,Course: Fully-configurable modular synergy,2026-11-11T14:37:53.387493,1,2026-09-19T14:37:53.387493,2026-09-21T14:37:53.387493,hendersonanne,4,Responsibility weight follow source and land phone again cup.
"Specialization: Engineer, biomedical",4.4,Dana King,Streamline distributed technologies,Course: Down-sized transitional moderator,2026-10-21T10:40:55.025889,4,2026-09-19T10:40:55.025889,2026-09-21T10:40:55.025889,carolhill,4,These hear process land start act.
Specialization: Dietitian,4.3,Austin Green,Engage cross-platform architectures,Course: Distributed next generation matrices,2027-05-12T00:22:29.369155,1,2027-03-20T00:22:29.369155,2027-03-22T00:22:29.369155,weberteresa,5,Television source official western member have.
Specialization: Archivist,4.0,Stephanie Watson DDS,Incubate out-of-the-box experiences,Course: Horizontal discrete hardware,2026-10-25T23:06:15.543341,3,2026-09-16T23:06:15.543341,2026-09-18T23:06:15.543341,huntkevin,5,Today necessary rich table too indeed professor might party.
"Specialization: Therapist, occupational",4.9,Shane Johnson,Synthesize front-end bandwidth,Course: Quality-focused zero administration software,2027-01-08T00:05:01.559195,3,2026-11-30T00:05:01.559195,2026-12-02T00:05:01.559195,brianwilson,5,Wear each do condition fast still.
"Specialization: Engineer, biomedical",4.4,Eric Burton,Extend cutting-edge bandwidth,Course: Innovative executive artificial intelligence,2026-09-30T19:38:26.082040,4,2026-08-29T19:38:26.082040,2026-08-31T19:38:26.082040,pjensen,1,Experience break develop position action soldier call think.
"Specialization: Administrator, sports",4.8,Adam King,Embrace holistic roi,Course: Upgradable web-enabled capacity,2027-01-14T07:23:04.306601,4,2026-12-13T07:23:04.306601,2026-12-15T07:23:04.306601,benjamin03,4,Live specific table conference news should subject.
Specialization: Technical author,4.7,Robert Pace,Target synergistic schemas,Course: Enterprise-wide modular migration,2026-06-07T22:14:54.030176,3,2026-04-29T22:14:54.030176,2026-05-01T22:14:54.030176,valdezsierra,5,Trial on policy although just effect economy.
"Specialization: Therapist, occupational",4.9,Martha Thompson,Scale revolutionary metrics,Course: Profit-focused cohesive paradigm,2026-11-26T14:15:27.366700,2,2026-10-11T14:15:27.366700,2026-10-13T14:15:27.366700,kelly11,5,Station small expert him national painting statement.
Specialization: Publishing copy,4.2,William Duran,Strategize out-of-the-box action-items,Course: Up-sized 6thgeneration paradigm,2026-07-02T05:46:55.077945,1,2026-05-10T05:46:55.077945,2026-05-12T05:46:55.077945,imiller,5,Answer seem him there.
"Specialization: Administrator, sports",4.8,Katherine Clayton,Seize 24/365 channels,Course: Horizontal human-resource software,2026-12-06T10:05:42.911073,3,2026-10-28T10:05:42.911073,2026-10-30T10:05:42.911073,heatherjohnson,5,Discuss cell possible so prevent them leader.
Specialization: Radio producer,4.0,Michael Roberts,Engage strategic convergence,Course: Cross-group leadingedge matrices,2026-07-20T04:25:03.863422,3,2026-06-11T04:25:03.863422,2026-06-13T04:25:03.863422,blopez,4,Perform surface trade always benefit free few recognize.
Specialization: Dietitian,4.3,William Peterson,Enable compelling e-commerce,Course: Self-enabling 4thgeneration flexibility,2026-08-10T22:50:15.345157,4,2026-07-09T22:50:15.345157,2026-07-11T22:50:15.345157,hmcclain,5,There everything friend remain act measure.
"Specialization: Administrator, sports",4.8,Katherine Clayton,Seize 24/365 channels,Course: Horizontal human-resource software,2026-12-06T10:05:42.911073,1,2026-10-14T10:05:42.911073,2026-10-16T10:05:42.911073,russellrobert,5,Station another protect evidence note least school research give machine product.
"Specialization: Designer, multimedia",4.3,Wyatt Johnson,Leverage next-generation info-mediaries,Course: Fully-configurable modular synergy,2026-11-11T14:37:53.387493,4,2026-10-10T14:37:53.387493,2026-10-12T14:37:53.387493,kramirez,5,Gun outside question human almost admit size.
"Specialization: Teacher, music",4.0,David Robinson,Enable scalable portals,Course: Future-proofed intangible capacity,2027-05-29T17:41:33.233547,2,2027-04-13T17:41:33.233547,2027-04-15T17:41:33.233547,rbautista,5,Almost leader according product agency general paper.
Specialization: Secondary school teacher,4.0,Christopher Smith,Empower mission-critical networks,Course: Compatible empowering matrices,2027-02-22T16:09:07.853571,4,2027-01-21T16:09:07.853571,2027-01-23T16:09:07.853571,michaelbrown,4,Class free floor high no dream face television issue concern.
"Specialization: Designer, multimedia",4.3,Colton Underwood,Optimize cross-media deliverables,Course: Fully-configurable modular synergy,2026-11-11T14:37:53.387493,1,2026-09-19T14:37:53.387493,2026-09-21T14:37:53.387493,heidi73,5,What note group skin certainly area crime prove artist way positive.
Specialization: Air traffic controller,4.3,Sheila Myers,Incubate interactive methodologies,Course: Function-based multi-tasking instruction set,2026-10-07T16:05:53.856978,4,2026-09-05T16:05:53.856978,2026-09-07T16:05:53.856978,cwhitaker,5,Physical occur institution side sort throw land better.
Specialization: Secondary school teacher,4.0,Megan Malone,Innovate one-to-one bandwidth,Course: Compatible empowering matrices,2027-02-22T16:09:07.853571,2,2027-01-07T16:09:07.853571,2027-01-09T16:09:07.853571,ssmith,4,Evidence according cultural responsibility enter bill firm check no campaign.
"Specialization: Administrator, sports",4.8,Adam King,Embrace holistic roi,Course: Upgradable web-enabled capacity,2027-01-14T07:23:04.306601,3,2026-12-06T07:23:04.306601,2026-12-08T07:23:04.306601,tbest,5,Firm institution yard message public nice black artist share.
Specialization: Publishing copy,4.2,Brett Mendez,Utilize web-enabled paradigms,Course: Public-key upward-trending success,2027-03-12T19:38:31.785842,2,2027-01-25T19:38:31.785842,2027-01-27T19:38:31.785842,wtucker,5,Sort those short accept usually laugh Mrs return more.
"Specialization: Designer, multimedia",4.3,Sarah Hodges,Deliver viral deliverables,Course: Fully-configurable modular synergy,2026-11-11T14:37:53.387493,3,2026-10-03T14:37:53.387493,2026-10-05T14:37:53.387493,davenportjustin,5,Range mean various marriage my run nature law.
"Specialization: Engineer, aeronautical",4.9,William Reynolds,Extend visionary platforms,Course: Polarized asynchronous knowledgebase,2026-10-18T19:22:29.090991,2,2026-09-02T19:22:29.090991,2026-09-04T19:22:29.090991,joel04,4,Visit become minute exist pattern else long matter.
"Specialization: Therapist, occupational",4.9,Jennifer Roberts,Harness robust technologies,Course: Streamlined disintermediate projection,2026-07-26T04:32:26.342112,1,2026-06-03T04:32:26.342112,2026-06-05T04:32:26.342112,allenmelissa,3,Outside deep despite price wall tend himself week forward deal.
"Specialization: Administrator, charities/voluntary organisations",4.5,Benjamin Heath,Incentivize extensible paradigms,Course: User-centric bandwidth-monitored focus group,2027-03-20T14:06:21.412209,3,2027-02-09T14:06:21.412209,2027-02-11T14:06:21.412209,higginspatrick,5,Sell cell model training respond stock product alone.
Specialization: Technical author,4.7,Julia Chambers,Transform efficient e-business,Course: Enterprise-wide modular migration,2026-06-07T22:14:54.030176,2,2026-04-22T22:14:54.030176,2026-04-24T22:14:54.030176,yfields,2,Green identify table rock involve environmental artist benefit politics.
Specialization: Archivist,4.0,Susan Barry,Strategize frictionless supply-chains,Course: Future-proofed bandwidth-monitored time-frame,2026-08-01T12:09:08.524876,3,2026-06-23T12:09:08.524876,2026-06-25T12:09:08.524876,theresadouglas,5,Address amount now allow statement measure ability leader cut.
"Specialization: Administrator, sports",4.8,Jo James MD,Evolve next-generation synergies,Course: Upgradable web-enabled capacity,2027-01-14T07:23:04.306601,1,2026-11-22T07:23:04.306601,2026-11-24T07:23:04.306601,jessica63,5,Goal clearly or than follow record music age other skin.
"Specialization: Therapist, occupational",4.9,Jennifer Roberts,Harness robust technologies,Course: Streamlined disintermediate projection,2026-07-26T04:32:26.342112,3,2026-06-17T04:32:26.342112,2026-06-19T04:32:26.342112,wilsonmiguel,5,Can newspaper make leg suddenly hit.
"Specialization: Engineer, biomedical",4.4,Erik Randolph,Disintermediate interactive models,Course: Innovative executive artificial intelligence,2026-09-30T19:38:26.082040,4,2026-08-29T19:38:26.082040,2026-08-31T19:38:26.082040,christinethompson,5,Need within husband child hard international him lead growth minute.
"Specialization: Engineer, aeronautical",4.9,Kelly Avery,Scale holistic e-services,Course: Down-sized didactic extranet,2027-05-14T15:08:29.961452,2,2027-03-29T15:08:29.961452,2027-03-31T15:08:29.961452,pacemichelle,5,Particular prove material beautiful knowledge.
Specialization: Archivist,4.0,David Randall,Evolve dynamic bandwidth,Course: Horizontal discrete hardware,2026-10-25T23:06:15.543341,4,2026-09-23T23:06:15.543341,2026-09-25T23:06:15.543341,jonescurtis,5,Suggest cover meeting security floor follow clear this get.
"Specialization: Designer, multimedia",4.3,Hannah Murray,Brand open-source eyeballs,Course: Triple-buffered exuding migration,2026-06-22T16:18:58.231449,2,2026-05-07T16:18:58.231449,2026-05-09T16:18:58.231449,amybrown,5,Behind spend care break head until.
Specialization: Secondary school teacher,4.0,Chad Bell,Engineer plug-and-play users,Course: Visionary web-enabled complexity,2027-03-10T19:47:19.767566,4,2027-02-06T19:47:19.767566,2027-02-08T19:47:19.767566,csantana,5,Short car today page through truth significant current beautiful let.
"Specialization: Therapist, occupational",4.9,Shaun Ward,Streamline dynamic platforms,Course: Streamlined disintermediate projection,2026-07-26T04:32:26.342112,3,2026-06-17T04:32:26.342112,2026-06-19T04:32:26.342112,ccoleman,4,Direction often debate itself investment practice white change somebody.
Specialization: Operational researcher,4.0,Jonathan Turner,Optimize strategic deliverables,Course: Face-to-face solution-oriented strategy,2026-10-28T13:26:28.046057,4,2026-09-26T13:26:28.046057,2026-09-28T13:26:28.046057,pnorton,5,Finally political western world community debate help sport.
"Specialization: Therapist, occupational",4.9,Shaun Ward,Streamline dynamic platforms,Course: Multi-layered client-driven contingency,2026-08-31T00:06:17.906547,2,2026-07-16T00:06:17.906547,2026-07-18T00:06:17.906547,donnaadams,5,Prove office take hope collection.
Specialization: Air traffic controller,4.3,Sheila Myers,Incubate interactive methodologies,Course: Optimized background productivity,2026-06-23T06:18:36.953361,4,2026-05-22T06:18:36.953361,2026-05-24T06:18:36.953361,allison46,5,Hard law learn thousand.
Specialization: Secondary school teacher,4.0,Christian Smith,Implement ubiquitous solutions,Course: Advanced human-resource adapter,2026-06-07T13:00:35.513084,4,2026-05-06T13:00:35.513084,2026-05-08T13:00:35.513084,maryjennings,4,Enough low attorney already tend image full.
Specialization: Air traffic controller,4.3,John Contreras,Embrace bleeding-edge deliverables,Course: Upgradable 24/7 circuit,2026-08-26T11:10:41.091448,1,2026-07-04T11:10:41.091448,2026-07-06T11:10:41.091448,smoore,4,Environmental enter hour clear activity final year.
Specialization: Dietitian,4.3,Jonathan Petersen,Generate magnetic models,Course: Realigned dedicated workforce,2026-07-26T21:47:20.980752,4,2026-06-24T21:47:20.980752,2026-06-26T21:47:20.980752,denniswilson,4,Begin magazine herself pay recent.
"Specialization: Administrator, charities/voluntary organisations",4.5,Jack Ward,Integrate interactive e-commerce,Course: Profit-focused responsive Graphic Interface,2027-01-10T00:12:44.552448,3,2026-12-02T00:12:44.552448,2026-12-04T00:12:44.552448,millerchristopher,5,Treat key store station want evidence then.
"Specialization: Designer, multimedia",4.3,Wyatt Johnson,Leverage next-generation info-mediaries,Course: Fully-configurable modular synergy,2026-11-11T14:37:53.387493,2,2026-09-26T14:37:53.387493,2026-09-28T14:37:53.387493,valeriegonzalez,4,First seem grow middle wide.
Specialization: Archivist,4.0,Susan Barry,Strategize frictionless supply-chains,Course: Vision-oriented system-worthy budgetary management,2027-04-06T07:21:20.336422,2,2027-02-19T07:21:20.336422,2027-02-21T07:21:20.336422,georgenathan,4,Herself resource street end recently bank responsibility few people attack.
"Specialization: Engineer, aeronautical",4.9,William Reynolds,Extend visionary platforms,Course: Polarized asynchronous knowledgebase,2026-10-18T19:22:29.090991,2,2026-09-02T19:22:29.090991,2026-09-04T19:22:29.090991,davidsonbobby,5,Attack as record science rise tree hot.
Specialization: Archivist,4.0,Melissa Sanchez,Synthesize extensible e-markets,Course: Programmable interactive framework,2026-10-19T10:53:24.808770,3,2026-09-10T10:53:24.808770,2026-09-12T10:53:24.808770,laurieavila,3,Almost these what collection style both left go.
Specialization: Secondary school teacher,4.0,Christian Smith,Implement ubiquitous solutions,Course: Advanced human-resource adapter,2026-06-07T13:00:35.513084,3,2026-04-29T13:00:35.513084,2026-05-01T13:00:35.513084,simmonsdaniel,5,Pm size dinner big receive drive imagine.
"Specialization: Engineer, aeronautical",4.9,Kelly Avery,Scale holistic e-services,Course: Down-sized didactic extranet,2027-05-14T15:08:29.961452,1,2027-03-22T15:08:29.961452,2027-03-24T15:08:29.961452,daniel35,3,Become federal however billion pretty election.
"Specialization: Engineer, biomedical",4.4,Erik Randolph,Disintermediate interactive models,Course: Innovative executive artificial intelligence,2026-09-30T19:38:26.082040,3,2026-08-22T19:38:26.082040,2026-08-24T19:38:26.082040,johnsonamanda,5,Computer manage special west religious.
"Specialization: Teacher, music",4.0,David Robinson,Enable scalable portals,Course: Front-line leadingedge hub,2026-11-30T01:22:19.900793,2,2026-10-15T01:22:19.900793,2026-10-17T01:22:19.900793,wrightjennifer,5,Pay fine personal kind mean we mission culture describe.
Specialization: Radio producer,4.0,John Trujillo,Morph sticky networks,Course: Cross-group leadingedge matrices,2026-07-20T04:25:03.863422,2,2026-06-04T04:25:03.863422,2026-06-06T04:25:03.863422,shortbrent,5,How around give win throughout article take especially.
"Specialization: Engineer, aeronautical",4.9,Michelle Holmes,Deliver cross-platform solutions,Course: Fully-configurable 5thgeneration instruction set,2027-06-03T04:07:33.474432,2,2027-04-18T04:07:33.474432,2027-04-20T04:07:33.474432,vhansen,4,Exist manager both wide tree buy rest shoulder.
"Specialization: Teacher, music",4.0,Madison Burnett,Expedite web-enabled networks,Course: Reduced composite application,2027-03-16T21:37:40.075731,2,2027-01-29T21:37:40.075731,2027-01-31T21:37:40.075731,denisemorse,5,Anything according catch foreign break country everybody possible.
Specialization: Air traffic controller,4.3,Teresa Preston,Cultivate b2c networks,Course: Optimized 3rdgeneration orchestration,2027-04-14T08:01:14.482131,1,2027-02-20T08:01:14.482131,2027-02-22T08:01:14.482131,ramossarah,5,Raise decision front mother measure during again interest.
Specialization: Air traffic controller,4.3,Teresa Preston,Cultivate b2c networks,Course: Optimized 3rdgeneration orchestration,2027-04-14T08:01:14.482131,4,2027-03-13T08:01:14.482131,2027-03-15T08:01:14.482131,maciasjohn,5,Voice such surface believe important.
"Specialization: Designer, multimedia",4.3,Sarah Hodges,Deliver viral deliverables,Course: Fully-configurable modular synergy,2026-11-11T14:37:53.387493,3,2026-10-03T14:37:53.387493,2026-10-05T14:37:53.387493,delgadonancy,5,Show present picture for bed on international the.
"Specialization: Engineer, biomedical",4.4,Christopher Page,E-enable intuitive action-items,Course: Business-focused scalable superstructure,2027-03-10T21:10:44.288953,2,2027-01-23T21:10:44.288953,2027-01-25T21:10:44.288953,tsmith,5,Minute score whatever beat hot company stay knowledge.
Specialization: Technical author,4.7,Mr. Kyle Wright,Expedite 24/365 systems,Course: Horizontal fault-tolerant functionalities,2026-07-19T17:37:56.213248,4,2026-06-17T17:37:56.213248,2026-06-19T17:37:56.213248,bakeredward,5,Wait great second identify example space.
"Specialization: Administrator, sports",4.8,John Conner,Incentivize granular infrastructures,Course: Diverse systematic firmware,2026-09-28T23:22:42.748891,3,2026-08-20T23:22:42.748891,2026-08-22T23:22:42.748891,nelsondiana,4,Human sense until large and eight.
Specialization: Air traffic controller,4.3,Suzanne Phillips,Engineer impactful action-items,Course: Function-based multi-tasking instruction set,2026-10-07T16:05:53.856978,3,2026-08-29T16:05:53.856978,2026-08-31T16:05:53.856978,brittanyblair,4,Maybe radio painting store move resource.
Specialization: Operational researcher,4.0,Jonathan Turner,Optimize strategic deliverables,Course: Ergonomic interactive array,2027-01-20T18:18:34.548171,1,2026-11-28T18:18:34.548171,2026-11-30T18:18:34.548171,kevinbrennan,4,Ability new have miss assume no around recently.
Specialization: Air traffic controller,4.3,Dana Phillips,Strategize interactive schemas,Course: Optimized background productivity,2026-06-23T06:18:36.953361,2,2026-05-08T06:18:36.953361,2026-05-10T06:18:36.953361,pkramer,5,Interesting nature number training a keep fish including final information.
"Specialization: Engineer, aeronautical",4.9,Kelly Avery,Scale holistic e-services,Course: Programmable grid-enabled definition,2027-03-03T07:27:12.312718,2,2027-01-16T07:27:12.312718,2027-01-18T07:27:12.312718,diane35,2,Against should Congress better believe situation to image production.
"Specialization: Designer, multimedia",4.3,Sarah Hodges,Deliver viral deliverables,Course: Decentralized scalable encoding,2027-01-27T13:25:12.962480,4,2026-12-26T13:25:12.962480,2026-12-28T13:25:12.962480,wanda61,3,Wrong choice employee be.
"Specialization: Designer, multimedia",4.3,Hannah Murray,Brand open-source eyeballs,Course: Triple-buffered exuding migration,2026-06-22T16:18:58.231449,3,2026-05-14T16:18:58.231449,2026-05-16T16:18:58.231449,rrodriguez,5,Follow leader employee public example.
"Specialization: Teacher, music",4.0,Jack Jackson,Engineer web-enabled networks,Course: Reduced composite application,2027-03-16T21:37:40.075731,4,2027-02-12T21:37:40.075731,2027-02-14T21:37:40.075731,wyattsanders,5,Moment home serve important.
"Specialization: Teacher, music",4.0,William Pearson,Incentivize interactive metrics,Course: Future-proofed intangible capacity,2027-05-29T17:41:33.233547,3,2027-04-20T17:41:33.233547,2027-04-22T17:41:33.233547,camposmadison,3,Degree short phone keep fight court whether.
"Specialization: Designer, multimedia",4.3,Hannah Murray,Brand open-source eyeballs,Course: Triple-buffered exuding migration,2026-06-22T16:18:58.231449,3,2026-05-14T16:18:58.231449,2026-05-16T16:18:58.231449,carlsonchristopher,4,Involve put well president pattern bill discover Mr.
"Specialization: Administrator, sports",4.8,David Conner,Orchestrate seamless methodologies,Course: Quality-focused modular Internet solution,2027-03-22T00:38:28.365666,2,2027-02-04T00:38:28.365666,2027-02-06T00:38:28.365666,rthomas,5,More likely organization cause and cost able.
Specialization: Air traffic controller,4.3,John Contreras,Embrace bleeding-edge deliverables,Course: Upgradable 24/7 circuit,2026-08-26T11:10:41.091448,2,2026-07-11T11:10:41.091448,2026-07-13T11:10:41.091448,tyler78,5,Story race summer show can test find read.
Specialization: Technical author,4.7,Robert Pace,Target synergistic schemas,Course: Right-sized empowering array,2026-07-23T07:26:22.786982,1,2026-05-31T07:26:22.786982,2026-06-02T07:26:22.786982,hodonnell,5,Although toward language away she energy education place president.
Specialization: Operational researcher,4.0,Jonathan Turner,Optimize strategic deliverables,Course: Multi-layered upward-trending solution,2026-10-11T03:45:23.970842,2,2026-08-26T03:45:23.970842,2026-08-28T03:45:23.970842,francisco93,3,Very old edge ground method property available.
Specialization: Archivist,4.0,Amber Mora,Architect killer networks,Course: Right-sized global instruction set,2027-03-03T14:07:04.192181,3,2027-01-23T14:07:04.192181,2027-01-25T14:07:04.192181,huntertyler,4,Day business nothing role simply success read from five.
Specialization: Radio producer,4.0,Carmen Lewis,Transform synergistic roi,Course: Optimized 6thgeneration capability,2027-01-14T13:51:31.935845,4,2026-12-13T13:51:31.935845,2026-12-15T13:51:31.935845,yorkmolly,3,Forget technology better however describe age.
"Specialization: Engineer, biomedical",4.4,Eric Burton,Extend cutting-edge bandwidth,Course: Business-focused scalable superstructure,2027-03-10T21:10:44.288953,1,2027-01-16T21:10:44.288953,2027-01-18T21:10:44.288953,williamsrobert,3,Article career item although meeting seven.
"Specialization: Administrator, charities/voluntary organisations",4.5,Jack Ward,Integrate interactive e-commerce,Course: Configurable upward-trending encryption,2026-10-23T02:24:38.426319,2,2026-09-07T02:24:38.426319,2026-09-09T02:24:38.426319,jacqueline19,5,Best section home important quality.
"Specialization: Teacher, music",4.0,William Pearson,Incentivize interactive metrics,Course: Proactive optimal neural-net,2027-05-02T03:15:17.302879,1,2027-03-10T03:15:17.302879,2027-03-12T03:15:17.302879,lindastokes,5,Pull order anyone moment age rich.
Specialization: Technical author,4.7,Mr. Kyle Wright,Expedite 24/365 systems,Course: Horizontal fault-tolerant functionalities,2026-07-19T17:37:56.213248,1,2026-05-27T17:37:56.213248,2026-05-29T17:37:56.213248,heathermontgomery,2,Model financial similar shoulder probably system.
Specialization: Air traffic controller,4.3,Dana Phillips,Strategize interactive schemas,Course: Upgradable 24/7 circuit,2026-08-26T11:10:41.091448,3,2026-07-18T11:10:41.091448,2026-07-20T11:10:41.091448,charles49,4,Stuff chance economy firm company song work.
Specialization: Radio producer,4.0,Erin Rogers,Envisioneer scalable roi,Course: Cross-group leadingedge matrices,2026-07-20T04:25:03.863422,2,2026-06-04T04:25:03.863422,2026-06-06T04:25:03.863422,cbeard,3,Stand future impact firm part name without he worker what.
Specialization: Publishing copy,4.2,Brett Mendez,Utilize web-enabled paradigms,Course: Public-key upward-trending success,2027-03-12T19:38:31.785842,1,2027-01-18T19:38:31.785842,2027-01-20T19:38:31.785842,whitecathy,4,Figure citizen service girl six even enter environment husband ask.
Specialization: Operational researcher,4.0,Brent Smith,Mesh distributed users,Course: Down-sized user-facing moratorium,2027-05-29T04:43:38.341757,1,2027-04-06T04:43:38.341757,2027-04-08T04:43:38.341757,brooke47,3,Writer international you day care strong less trouble hair response.
Specialization: Air traffic controller,4.3,Dana Phillips,Strategize interactive schemas,Course: Upgradable 24/7 circuit,2026-08-26T11:10:41.091448,4,2026-07-25T11:10:41.091448,2026-07-27T11:10:41.091448,sarathomas,5,Single however deal act high other soon take stock fight.
Specialization: Secondary school teacher,4.0,Dr. Timothy Martin DDS,Deliver value-added deliverables,Course: Monitored foreground open system,2026-12-27T01:52:40.503334,2,2026-11-11T01:52:40.503334,2026-11-13T01:52:40.503334,tfoster,5,Read keep forward former popular two stock decade.
"Specialization: Engineer, aeronautical",4.9,Kelly Avery,Scale holistic e-services,Course: Programmable grid-enabled definition,2027-03-03T07:27:12.312718,1,2027-01-09T07:27:12.312718,2027-01-11T07:27:12.312718,pittsdonna,3,His rise full if large.
"Specialization: Administrator, sports",4.8,John Conner,Incentivize granular infrastructures,Course: Diverse systematic firmware,2026-09-28T23:22:42.748891,3,2026-08-20T23:22:42.748891,2026-08-22T23:22:42.748891,margaretperez,5,Strong firm vote although many.
Specialization: Air traffic controller,4.3,Savannah Rich,Envisioneer leading-edge interfaces,Course: Function-based multi-tasking instruction set,2026-10-07T16:05:53.856978,3,2026-08-29T16:05:53.856978,2026-08-31T16:05:53.856978,markcain,5,Key affect dream edge look hospital health full.
Specialization: Air traffic controller,4.3,Savannah Rich,Envisioneer leading-edge interfaces,Course: Upgradable 24/7 circuit,2026-08-26T11:10:41.091448,4,2026-07-25T11:10:41.091448,2026-07-27T11:10:41.091448,henryvance,4,Institution social my only once important pull drop always health.
Specialization: Archivist,4.0,Susan Barry,Strategize frictionless supply-chains,Course: Future-proofed bandwidth-monitored time-frame,2026-08-01T12:09:08.524876,3,2026-06-23T12:09:08.524876,2026-06-25T12:09:08.524876,marcdavidson,4,Article always health book tell morning shake war cover.
Specialization: Publishing copy,4.2,Daniel Kelly,Expedite ubiquitous info-mediaries,Course: Triple-buffered regional complexity,2026-08-04T12:32:49.052381,2,2026-06-19T12:32:49.052381,2026-06-21T12:32:49.052381,tyler41,5,Participant rise century family instead site machine natural nice person.
"Specialization: Administrator, charities/voluntary organisations",4.5,Patricia Brown MD,Integrate dynamic mindshare,Course: Configurable upward-trending encryption,2026-10-23T02:24:38.426319,1,2026-08-31T02:24:38.426319,2026-09-02T02:24:38.426319,iglenn,5,Personal thing water order contain.
Specialization: Radio producer,4.0,Alyssa Cruz,Iterate customized e-business,Course: Object-based user-facing archive,2027-05-11T04:26:02.423184,3,2027-04-02T04:26:02.423184,2027-04-04T04:26:02.423184,michael03,4,First apply political thus lose.
Specialization: Technical author,4.7,Julia Chambers,Transform efficient e-business,Course: Enterprise-wide modular migration,2026-06-07T22:14:54.030176,4,2026-05-06T22:14:54.030176,2026-05-08T22:14:54.030176,edward30,3,Road know eat face operation natural simple assume.
"Specialization: Administrator, sports",4.8,David Conner,Orchestrate seamless methodologies,Course: Quality-focused modular Internet solution,2027-03-22T00:38:28.365666,1,2027-01-28T00:38:28.365666,2027-01-30T00:38:28.365666,fwest,3,Would might my have member fly individual media.
Specialization: Secondary school teacher,4.0,Christopher Smith,Empower mission-critical networks,Course: Advanced human-resource adapter,2026-06-07T13:00:35.513084,3,2026-04-29T13:00:35.513084,2026-05-01T13:00:35.513084,bwhite,5,Smile city evidence person again media likely born spend.
Specialization: Technical author,4.7,Stacy Rivera,Visualize best-of-breed channels,Course: Ergonomic empowering initiative,2027-01-24T12:11:43.045341,1,2026-12-02T12:11:43.045341,2026-12-04T12:11:43.045341,jjuarez,5,We allow available nation discover product.
Specialization: Radio producer,4.0,Kelly Hayes,Aggregate strategic interfaces,Course: Object-based user-facing archive,2027-05-11T04:26:02.423184,4,2027-04-09T04:26:02.423184,2027-04-11T04:26:02.423184,kreed,5,Professional policy suggest offer risk budget state wind.
"Specialization: Administrator, sports",4.8,David Conner,Orchestrate seamless methodologies,Course: Quality-focused modular Internet solution,2027-03-22T00:38:28.365666,3,2027-02-11T00:38:28.365666,2027-02-13T00:38:28.365666,eduardo77,5,Smile company year big simply hundred beat serious.
Specialization: Archivist,4.0,Melissa Sanchez,Synthesize extensible e-markets,Course: Future-proofed bandwidth-monitored time-frame,2026-08-01T12:09:08.524876,3,2026-06-23T12:09:08.524876,2026-06-25T12:09:08.524876,bonniebarron,5,Strategy for kitchen young report many with he.
"Specialization: Designer, multimedia",4.3,Sarah Hodges,Deliver viral deliverables,Course: Digitized tertiary matrix,2027-01-14T23:07:08.827124,3,2026-12-06T23:07:08.827124,2026-12-08T23:07:08.827124,erin89,4,Explain have watch whether source heavy language.
"Specialization: Therapist, occupational",4.9,Paula Harvey,Synergize e-business networks,Course: Profit-focused cohesive paradigm,2026-11-26T14:15:27.366700,1,2026-10-04T14:15:27.366700,2026-10-06T14:15:27.366700,harrisdarlene,5,Above water lead information green quickly.
"Specialization: Therapist, occupational",4.9,Shaun Ward,Streamline dynamic platforms,Course: Streamlined disintermediate projection,2026-07-26T04:32:26.342112,2,2026-06-10T04:32:26.342112,2026-06-12T04:32:26.342112,istewart,5,Special name me green suffer measure brother concern.
Specialization: Air traffic controller,4.3,Dana Phillips,Strategize interactive schemas,Course: Optimized background productivity,2026-06-23T06:18:36.953361,3,2026-05-15T06:18:36.953361,2026-05-17T06:18:36.953361,nicolekelly,4,Good quite bit hospital imagine would listen none deep.
"Specialization: Administrator, charities/voluntary organisations",4.5,Benjamin Aguilar,Envisioneer cross-media eyeballs,Course: Seamless fresh-thinking challenge,2026-09-05T12:56:25.413265,2,2026-07-21T12:56:25.413265,2026-07-23T12:56:25.413265,katherine94,4,Through you treatment former.
Specialization: Archivist,4.0,Amber Mora,Architect killer networks,Course: Right-sized global instruction set,2027-03-03T14:07:04.192181,2,2027-01-16T14:07:04.192181,2027-01-18T14:07:04.192181,bhunter,4,Magazine smile instead student color at do spend book hospital.
"Specialization: Therapist, occupational",4.9,Shaun Ward,Streamline dynamic platforms,Course: Streamlined disintermediate projection,2026-07-26T04:32:26.342112,3,2026-06-17T04:32:26.342112,2026-06-19T04:32:26.342112,matthew16,5,Respond place that brother improve on.
Specialization: Archivist,4.0,Susan Barry,Strategize frictionless supply-chains,Course: Vision-oriented system-worthy budgetary management,2027-04-06T07:21:20.336422,4,2027-03-05T07:21:20.336422,2027-03-07T07:21:20.336422,tammy47,5,Federal pick age radio three before peace operation idea.
Specialization: Archivist,4.0,David Randall,Evolve dynamic bandwidth,Course: Programmable interactive framework,2026-10-19T10:53:24.808770,1,2026-08-27T10:53:24.808770,2026-08-29T10:53:24.808770,yibarra,4,Provide note a first thus discussion.
"Specialization: Therapist, occupational",4.9,Martha Thompson,Scale revolutionary metrics,Course: Profit-focused cohesive paradigm,2026-11-26T14:15:27.366700,1,2026-10-04T14:15:27.366700,2026-10-06T14:15:27.366700,kimberlycummings,5,Young per type senior spring professor opportunity tax.
"Specialization: Therapist, occupational",4.9,Jason Mcgee,Unleash customized info-mediaries,Course: Programmable disintermediate emulation,2027-02-24T03:36:46.675022,4,2027-01-23T03:36:46.675022,2027-01-25T03:36:46.675022,michelleriley,4,Consumer close southern report future station city themselves for because.
"Specialization: Administrator, sports",4.8,Adam King,Embrace holistic roi,Course: Upgradable web-enabled capacity,2027-01-14T07:23:04.306601,3,2026-12-06T07:23:04.306601,2026-12-08T07:23:04.306601,juliafuentes,2,Cup level thus notice skin return direction similar significant.
Specialization: Secondary school teacher,4.0,Christian Smith,Implement ubiquitous solutions,Course: Pre-emptive regional website,2027-02-08T01:47:30.641886,4,2027-01-07T01:47:30.641886,2027-01-09T01:47:30.641886,bhall,5,Probably still what modern ready late foreign prepare reduce.
Specialization: Air traffic controller,4.3,John Contreras,Embrace bleeding-edge deliverables,Course: Upgradable 24/7 circuit,2026-08-26T11:10:41.091448,2,2026-07-11T11:10:41.091448,2026-07-13T11:10:41.091448,petersondavid,1,Them law look until stage.
Specialization: Air traffic controller,4.3,Dana Phillips,Strategize interactive schemas,Course: Multi-layered 3rdgeneration framework,2026-08-26T20:56:29.704685,1,2026-07-04T20:56:29.704685,2026-07-06T20:56:29.704685,gina24,5,Understand him less to society guess other see.
Specialization: Secondary school teacher,4.0,Christian Smith,Implement ubiquitous solutions,Course: Pre-emptive regional website,2027-02-08T01:47:30.641886,1,2026-12-17T01:47:30.641886,2026-12-19T01:47:30.641886,ereid,5,Herself while young official institution that lose.
Specialization: Radio producer,4.0,Carmen Lewis,Transform synergistic roi,Course: Integrated mission-critical moratorium,2026-07-26T05:20:37.057204,2,2026-06-10T05:20:37.057204,2026-06-12T05:20:37.057204,cathy08,5,Situation red cup girl national plant.
"Specialization: Therapist, occupational",4.9,Jennifer Roberts,Harness robust technologies,Course: Streamlined disintermediate projection,2026-07-26T04:32:26.342112,3,2026-06-17T04:32:26.342112,2026-06-19T04:32:26.342112,woodmorgan,4,Education difference student station good reach apply yard seek fill wonder.
Specialization: Air traffic controller,4.3,Dana Phillips,Strategize interactive schemas,Course: Multi-layered 3rdgeneration framework,2026-08-26T20:56:29.704685,2,2026-07-11T20:56:29.704685,2026-07-13T20:56:29.704685,smithvanessa,4,Pick ahead ahead still wonder account admit smile.
Specialization: Technical author,4.7,Robert Pace,Target synergistic schemas,Course: Enterprise-wide modular migration,2026-06-07T22:14:54.030176,2,2026-04-22T22:14:54.030176,2026-04-24T22:14:54.030176,tiffanycarpenter,4,Organization teacher low everything available adult.
Specialization: Air traffic controller,4.3,Savannah Rich,Envisioneer leading-edge interfaces,Course: Upgradable 24/7 circuit,2026-08-26T11:10:41.091448,1,2026-07-04T11:10:41.091448,2026-07-06T11:10:41.091448,stevewallace,5,Couple wish defense write industry person.
Specialization: Technical author,4.7,Karen Sanchez,Scale b2b bandwidth,Course: Ergonomic empowering initiative,2027-01-24T12:11:43.045341,1,2026-12-02T12:11:43.045341,2026-12-04T12:11:43.045341,annetterobinson,5,Surface which him price where.
Specialization: Technical author,4.7,Misty Ingram,Architect bricks-and-clicks schemas,Course: Switchable zero tolerance frame,2027-06-05T20:35:28.741458,2,2027-04-20T20:35:28.741458,2027-04-22T20:35:28.741458,christina99,5,Difficult ahead college walk.
Specialization: Archivist,4.0,Melissa Sanchez,Synthesize extensible e-markets,Course: Future-proofed bandwidth-monitored time-frame,2026-08-01T12:09:08.524876,4,2026-06-30T12:09:08.524876,2026-07-02T12:09:08.524876,burgesssarah,5,Sit husband area discuss report.
Specialization: Dietitian,4.3,Joseph Adams MD,Evolve extensible architectures,Course: Down-sized fault-tolerant moderator,2027-02-17T00:30:49.249726,4,2027-01-16T00:30:49.249726,2027-01-18T00:30:49.249726,james79,5,Majority herself many cover four say visit PM stand.
"Specialization: Designer, multimedia",4.3,Wyatt Johnson,Leverage next-generation info-mediaries,Course: Triple-buffered exuding migration,2026-06-22T16:18:58.231449,4,2026-05-21T16:18:58.231449,2026-05-23T16:18:58.231449,cynthia13,5,Pick with plan star plan official financial.
"Specialization: Teacher, music",4.0,David Robinson,Enable scalable portals,Course: Front-line leadingedge hub,2026-11-30T01:22:19.900793,1,2026-10-08T01:22:19.900793,2026-10-10T01:22:19.900793,ralph89,5,Coach attorney instead first theory our suggest pull.
Specialization: Publishing copy,4.2,Melissa Roach,Embrace user-centric eyeballs,Course: Public-key upward-trending success,2027-03-12T19:38:31.785842,1,2027-01-18T19:38:31.785842,2027-01-20T19:38:31.785842,lholmes,4,Successful into week day serve structure.
Specialization: Radio producer,4.0,Michael Roberts,Engage strategic convergence,Course: Optimized 6thgeneration capability,2027-01-14T13:51:31.935845,1,2026-11-22T13:51:31.935845,2026-11-24T13:51:31.935845,nicolepatel,5,Between theory line return check building feeling.
"Specialization: Engineer, aeronautical",4.9,Kelly Avery,Scale holistic e-services,Course: Down-sized didactic extranet,2027-05-14T15:08:29.961452,3,2027-04-05T15:08:29.961452,2027-04-07T15:08:29.961452,ycohen,5,Certainly significant rock soldier course city.
"Specialization: Teacher, music",4.0,Madison Burnett,Expedite web-enabled networks,Course: Reduced composite application,2027-03-16T21:37:40.075731,2,2027-01-29T21:37:40.075731,2027-01-31T21:37:40.075731,mnelson,5,Experience hope say answer share operation street end.
Specialization: Technical author,4.7,Karen Sanchez,Scale b2b bandwidth,Course: Ergonomic empowering initiative,2027-01-24T12:11:43.045341,1,2026-12-02T12:11:43.045341,2026-12-04T12:11:43.045341,julie35,3,Technology good several possible.
Specialization: Archivist,4.0,Michelle Rose,Visualize 24/365 interfaces,Course: Right-sized global instruction set,2027-03-03T14:07:04.192181,2,2027-01-16T14:07:04.192181,2027-01-18T14:07:04.192181,tommy99,5,Magazine institution general conference media into first.
Specialization: Secondary school teacher,4.0,Chad Bell,Engineer plug-and-play users,Course: Pre-emptive regional website,2027-02-08T01:47:30.641886,2,2026-12-24T01:47:30.641886,2026-12-26T01:47:30.641886,twatson,5,Budget sense individual run issue rich property set.
Specialization: Publishing copy,4.2,Daniel Martinez,Seize impactful portals,Course: Up-sized 6thgeneration paradigm,2026-07-02T05:46:55.077945,4,2026-05-31T05:46:55.077945,2026-06-02T05:46:55.077945,jacob99,4,Choose system daughter night.
Specialization: Air traffic controller,4.3,Sheila Myers,Incubate interactive methodologies,Course: Function-based multi-tasking instruction set,2026-10-07T16:05:53.856978,1,2026-08-15T16:05:53.856978,2026-08-17T16:05:53.856978,dstephenson,4,Executive race tough for very before community.
Specialization: Technical author,4.7,Karen Sanchez,Scale b2b bandwidth,Course: Right-sized empowering array,2026-07-23T07:26:22.786982,4,2026-06-21T07:26:22.786982,2026-06-23T07:26:22.786982,jessicacarey,5,Lawyer make peace treatment rest various.
Specialization: Dietitian,4.3,Jonathan Petersen,Generate magnetic models,Course: Distributed next generation matrices,2027-05-12T00:22:29.369155,1,2027-03-20T00:22:29.369155,2027-03-22T00:22:29.369155,tracey04,5,Should crime event work pass.
Specialization: Air traffic controller,4.3,Lisa Gonzales,Leverage efficient infrastructures,Course: Multi-layered 3rdgeneration framework,2026-08-26T20:56:29.704685,3,2026-07-18T20:56:29.704685,2026-07-20T20:56:29.704685,tortega,4,Picture soon now know his prepare consider seem remember.
"Specialization: Administrator, charities/voluntary organisations",4.5,Matthew Wagner,Whiteboard plug-and-play partnerships,Course: Extended attitude-oriented throughput,2026-06-23T23:30:49.193605,4,2026-05-22T23:30:49.193605,2026-05-24T23:30:49.193605,cameron92,5,Eye condition deep hot price.
"Specialization: Engineer, biomedical",4.4,Dana King,Streamline distributed technologies,Course: Re-engineered discrete solution,2026-11-30T09:19:19.112211,1,2026-10-08T09:19:19.112211,2026-10-10T09:19:19.112211,jonesrobert,5,Reason dark run mind service art large town allow example.
"Specialization: Administrator, charities/voluntary organisations",4.5,Jack Ward,Integrate interactive e-commerce,Course: Profit-focused responsive Graphic Interface,2027-01-10T00:12:44.552448,2,2026-11-25T00:12:44.552448,2026-11-27T00:12:44.552448,jacquelinegonzales,5,Response result ask certain ball others budget which story set.
"Specialization: Therapist, occupational",4.9,Jason Mcgee,Unleash customized info-mediaries,Course: Programmable disintermediate emulation,2027-02-24T03:36:46.675022,4,2027-01-23T03:36:46.675022,2027-01-25T03:36:46.675022,tina23,4,Send address here girl think southern.
"Specialization: Designer, multimedia",4.3,Patricia King,Extend innovative roi,Course: Decentralized scalable encoding,2027-01-27T13:25:12.962480,2,2026-12-12T13:25:12.962480,2026-12-14T13:25:12.962480,kryan,4,Own character his explain now hair above enjoy.
Specialization: Secondary school teacher,4.0,Dr. Timothy Martin DDS,Deliver value-added deliverables,Course: Visionary web-enabled complexity,2027-03-10T19:47:19.767566,1,2027-01-16T19:47:19.767566,2027-01-18T19:47:19.767566,calvin14,4,Feeling pressure everybody recently bag rule always.
"Specialization: Engineer, biomedical",4.4,Dana King,Streamline distributed technologies,Course: Innovative executive artificial intelligence,2026-09-30T19:38:26.082040,2,2026-08-15T19:38:26.082040,2026-08-17T19:38:26.082040,bwilkins,5,Kitchen number pressure direction those author size letter former.
"Specialization: Administrator, sports",4.8,Raymond Kelley,Grow 24/365 e-markets,Course: Upgradable web-enabled capacity,2027-01-14T07:23:04.306601,1,2026-11-22T07:23:04.306601,2026-11-24T07:23:04.306601,greentina,5,Their ready part media.
Specialization: Operational researcher,4.0,Tiffany Lynch,Whiteboard dot-com markets,Course: Integrated client-driven synergy,2026-12-09T08:08:41.675040,3,2026-10-31T08:08:41.675040,2026-11-02T08:08:41.675040,uevans,5,World many time nature day picture left open part.
Specialization: Operational researcher,4.0,Barbara Washington,Syndicate intuitive technologies,Course: Integrated client-driven synergy,2026-12-09T08:08:41.675040,3,2026-10-31T08:08:41.675040,2026-11-02T08:08:41.675040,anthony35,5,Word write while street owner season include these not support.
"Specialization: Engineer, aeronautical",4.9,William Reynolds,Extend visionary platforms,Course: Polarized asynchronous knowledgebase,2026-10-18T19:22:29.090991,1,2026-08-26T19:22:29.090991,2026-08-28T19:22:29.090991,millerlinda,4,Never office situation her information message give.
"Specialization: Designer, multimedia",4.3,Sarah Hodges,Deliver viral deliverables,Course: Fully-configurable modular synergy,2026-11-11T14:37:53.387493,3,2026-10-03T14:37:53.387493,2026-10-05T14:37:53.387493,jose37,5,Seek paper give section couple question minute.
Specialization: Secondary school teacher,4.0,Thomas Phillips,Scale plug-and-play synergies,Course: Monitored foreground open system,2026-12-27T01:52:40.503334,4,2026-11-25T01:52:40.503334,2026-11-27T01:52:40.503334,petersonamy,3,Doctor many she employee cold fast something approach there.
Specialization: Air traffic controller,4.3,Dana Phillips,Strategize interactive schemas,Course: Multi-layered 3rdgeneration framework,2026-08-26T20:56:29.704685,3,2026-07-18T20:56:29.704685,2026-07-20T20:56:29.704685,omar79,2,Fire rock Republican agent year man Republican miss.
Specialization: Secondary school teacher,4.0,Dr. Timothy Martin DDS,Deliver value-added deliverables,Course: Visionary web-enabled complexity,2027-03-10T19:47:19.767566,1,2027-01-16T19:47:19.767566,2027-01-18T19:47:19.767566,donna08,5,Force stop father both enjoy avoid.
Specialization: Technical author,4.7,Misty Ingram,Architect bricks-and-clicks schemas,Course: Horizontal fault-tolerant functionalities,2026-07-19T17:37:56.213248,1,2026-05-27T17:37:56.213248,2026-05-29T17:37:56.213248,qmartin,5,Child white both cause far no PM career real.
"Specialization: Teacher, music",4.0,Jack Jackson,Engineer web-enabled networks,Course: Reduced composite application,2027-03-16T21:37:40.075731,4,2027-02-12T21:37:40.075731,2027-02-14T21:37:40.075731,tgriffith,4,Try side president pressure edge fast lay arrive PM account.
Specialization: Archivist,4.0,Melissa Sanchez,Synthesize extensible e-markets,Course: Programmable interactive framework,2026-10-19T10:53:24.808770,4,2026-09-17T10:53:24.808770,2026-09-19T10:53:24.808770,greenmatthew,2,Before possible firm specific newspaper herself.
Specialization: Radio producer,4.0,Carmen Lewis,Transform synergistic roi,Course: Optimized 6thgeneration capability,2027-01-14T13:51:31.935845,2,2026-11-29T13:51:31.935845,2026-12-01T13:51:31.935845,greenjoseph,5,All knowledge up of make allow interest.
Specialization: Radio producer,4.0,Kelly Hayes,Aggregate strategic interfaces,Course: Object-based user-facing archive,2027-05-11T04:26:02.423184,3,2027-04-02T04:26:02.423184,2027-04-04T04:26:02.423184,pamelapacheco,3,Glass point attention one environment hospital.
Specialization: Radio producer,4.0,Carmen Lewis,Transform synergistic roi,Course: Integrated mission-critical moratorium,2026-07-26T05:20:37.057204,3,2026-06-17T05:20:37.057204,2026-06-19T05:20:37.057204,wonglisa,5,The design raise mission company any paper this north.
Specialization: Dietitian,4.3,Jonathan Petersen,Generate magnetic models,Course: Realigned dedicated workforce,2026-07-26T21:47:20.980752,2,2026-06-10T21:47:20.980752,2026-06-12T21:47:20.980752,qwilson,5,Color assume able wife suffer edge moment.
"Specialization: Engineer, biomedical",4.4,David Johnson,Syndicate integrated functionalities,Course: Down-sized transitional moderator,2026-10-21T10:40:55.025889,1,2026-08-29T10:40:55.025889,2026-08-31T10:40:55.025889,kellyandrews,5,Number idea live factor employee safe religious.
"Specialization: Engineer, aeronautical",4.9,Kelly Avery,Scale holistic e-services,Course: Down-sized didactic extranet,2027-05-14T15:08:29.961452,4,2027-04-12T15:08:29.961452,2027-04-14T15:08:29.961452,greencarlos,4,According much family quickly thing call even color avoid.
"Specialization: Teacher, music",4.0,William Pearson,Incentivize interactive metrics,Course: Future-proofed intangible capacity,2027-05-29T17:41:33.233547,1,2027-04-06T17:41:33.233547,2027-04-08T17:41:33.233547,efrank,5,Skin smile image energy throughout hot history explain idea quality.
Specialization: Radio producer,4.0,Michael Roberts,Engage strategic convergence,Course: Optimized 6thgeneration capability,2027-01-14T13:51:31.935845,2,2026-11-29T13:51:31.935845,2026-12-01T13:51:31.935845,reyestanner,4,Main down above national price look crime win each.
Specialization: Secondary school teacher,4.0,Thomas Phillips,Scale plug-and-play synergies,Course: Monitored foreground open system,2026-12-27T01:52:40.503334,4,2026-11-25T01:52:40.503334,2026-11-27T01:52:40.503334,dcarter,5,Something management office never plan yard.
"Specialization: Designer, multimedia",4.3,Sarah Hodges,Deliver viral deliverables,Course: Decentralized scalable encoding,2027-01-27T13:25:12.962480,2,2026-12-12T13:25:12.962480,2026-12-14T13:25:12.962480,alexiscook,5,Draw poor cost save century political firm.
Specialization: Technical author,4.7,Mr. Kyle Wright,Expedite 24/365 systems,Course: Switchable zero tolerance frame,2027-06-05T20:35:28.741458,4,2027-05-04T20:35:28.741458,2027-05-06T20:35:28.741458,williamsnathaniel,5,Action standard true both together couple evening detail.
"Specialization: Administrator, charities/voluntary organisations",4.5,Benjamin Aguilar,Envisioneer cross-media eyeballs,Course: Extended attitude-oriented throughput,2026-06-23T23:30:49.193605,1,2026-05-01T23:30:49.193605,2026-05-03T23:30:49.193605,david32,4,Way poor sound I worry under.
"Specialization: Administrator, sports",4.8,Michael Clarke,Maximize open-source infrastructures,Course: Horizontal human-resource software,2026-12-06T10:05:42.911073,4,2026-11-04T10:05:42.911073,2026-11-06T10:05:42.911073,sydneywilliams,3,Position boy chair American surface wear teacher.
"Specialization: Engineer, biomedical",4.4,Erik Randolph,Disintermediate interactive models,Course: Re-engineered discrete solution,2026-11-30T09:19:19.112211,2,2026-10-15T09:19:19.112211,2026-10-17T09:19:19.112211,montgomeryjohn,4,Throw history see quite.
Specialization: Archivist,4.0,Susan Barry,Strategize frictionless supply-chains,Course: Vision-oriented system-worthy budgetary management,2027-04-06T07:21:20.336422,3,2027-02-26T07:21:20.336422,2027-02-28T07:21:20.336422,ann14,1,Trouble age truth personal phone time third responsibility test necessary.
"Specialization: Administrator, charities/voluntary organisations",4.5,Jack Ward,Integrate interactive e-commerce,Course: Configurable upward-trending encryption,2026-10-23T02:24:38.426319,2,2026-09-07T02:24:38.426319,2026-09-09T02:24:38.426319,jmorton,5,Hour mention four need reality although two mouth.
Specialization: Publishing copy,4.2,Brett Mendez,Utilize web-enabled paradigms,Course: Public-key upward-trending success,2027-03-12T19:38:31.785842,2,2027-01-25T19:38:31.785842,2027-01-27T19:38:31.785842,petersontimothy,5,Role ahead travel gas born deal create action seem reduce.
"Specialization: Engineer, biomedical",4.4,Eric Burton,Extend cutting-edge bandwidth,Course: Innovative executive artificial intelligence,2026-09-30T19:38:26.082040,2,2026-08-15T19:38:26.082040,2026-08-17T19:38:26.082040,amanda02,5,Go analysis pay style democratic dinner occur.
"Specialization: Administrator, sports",4.8,Raymond Kelley,Grow 24/365 e-markets,Course: Upgradable web-enabled capacity,2027-01-14T07:23:04.306601,1,2026-11-22T07:23:04.306601,2026-11-24T07:23:04.306601,christophergaines,2,Although something provide less either garden.
"Specialization: Administrator, charities/voluntary organisations",4.5,Taylor Gray,Evolve bricks-and-clicks markets,Course: Profit-focused responsive Graphic Interface,2027-01-10T00:12:44.552448,2,2026-11-25T00:12:44.552448,2026-11-27T00:12:44.552448,blewis,5,Main product I ago dinner certain test sister recent everyone.
Specialization: Dietitian,4.3,Austin Green,Engage cross-platform architectures,Course: Down-sized fault-tolerant moderator,2027-02-17T00:30:49.249726,4,2027-01-16T00:30:49.249726,2027-01-18T00:30:49.249726,hsalazar,5,Doctor recognize chair bag physical entire ground.
Specialization: Secondary school teacher,4.0,Christian Smith,Implement ubiquitous solutions,Course: Advanced human-resource adapter,2026-06-07T13:00:35.513084,4,2026-05-06T13:00:35.513084,2026-05-08T13:00:35.513084,hilljames,5,Arrive market that not lose.
Specialization: Operational researcher,4.0,Tiffany Lynch,Whiteboard dot-com markets,Course: Multi-layered upward-trending solution,2026-10-11T03:45:23.970842,1,2026-08-19T03:45:23.970842,2026-08-21T03:45:23.970842,areed,5,Toward receive big have age continue cup college world class.
Specialization: Publishing copy,4.2,Melissa Roach,Embrace user-centric eyeballs,Course: Public-key upward-trending success,2027-03-12T19:38:31.785842,3,2027-02-01T19:38:31.785842,2027-02-03T19:38:31.785842,shawn32,5,People during reach smile.
"Specialization: Therapist, occupational",4.9,Shane Johnson,Synthesize front-end bandwidth,Course: Quality-focused zero administration software,2027-01-08T00:05:01.559195,2,2026-11-23T00:05:01.559195,2026-11-25T00:05:01.559195,qsavage,5,Order head section all identify sell company final leader camera oil.
"Specialization: Therapist, occupational",4.9,Jason Mcgee,Unleash customized info-mediaries,Course: Profit-focused cohesive paradigm,2026-11-26T14:15:27.366700,2,2026-10-11T14:15:27.366700,2026-10-13T14:15:27.366700,kenneth47,5,Exactly federal ever best since fill.
Specialization: Air traffic controller,4.3,Sheila Myers,Incubate interactive methodologies,Course: Optimized background productivity,2026-06-23T06:18:36.953361,4,2026-05-22T06:18:36.953361,2026-05-24T06:18:36.953361,margaret91,5,What as event cost him experience.
Specialization: Radio producer,4.0,Kelly Hayes,Aggregate strategic interfaces,Course: Object-based user-facing archive,2027-05-11T04:26:02.423184,2,2027-03-26T04:26:02.423184,2027-03-28T04:26:02.423184,liandrea,3,Beyond its right decision.
Specialization: Publishing copy,4.2,William Duran,Strategize out-of-the-box action-items,Course: Team-oriented methodical website,2026-12-04T08:17:39.160293,3,2026-10-26T08:17:39.160293,2026-10-28T08:17:39.160293,jonathan88,5,Compare cultural according something happen leave detail measure.
Specialization: Technical author,4.7,Karen Sanchez,Scale b2b bandwidth,Course: Right-sized empowering array,2026-07-23T07:26:22.786982,1,2026-05-31T07:26:22.786982,2026-06-02T07:26:22.786982,jonesrodney,5,Camera sense size three enjoy project try mission rock if.
Specialization: Operational researcher,4.0,Jonathan Turner,Optimize strategic deliverables,Course: Face-to-face solution-oriented strategy,2026-10-28T13:26:28.046057,2,2026-09-12T13:26:28.046057,2026-09-14T13:26:28.046057,dylan40,5,Election best interest product bank son.
"Specialization: Teacher, music",4.0,David Robinson,Enable scalable portals,Course: Future-proofed intangible capacity,2027-05-29T17:41:33.233547,3,2027-04-20T17:41:33.233547,2027-04-22T17:41:33.233547,brandonchristian,5,Forward moment say heavy room tree among blood right.
Specialization: Secondary school teacher,4.0,Christopher Smith,Empower mission-critical networks,Course: Compatible empowering matrices,2027-02-22T16:09:07.853571,3,2027-01-14T16:09:07.853571,2027-01-16T16:09:07.853571,ygoodwin,5,With away kid form company.
"Specialization: Administrator, charities/voluntary organisations",4.5,Matthew Wagner,Whiteboard plug-and-play partnerships,Course: Extended attitude-oriented throughput,2026-06-23T23:30:49.193605,2,2026-05-08T23:30:49.193605,2026-05-10T23:30:49.193605,cynthia55,5,Different couple we without than subject make.
Specialization: Operational researcher,4.0,Brent Smith,Mesh distributed users,Course: Multi-layered upward-trending solution,2026-10-11T03:45:23.970842,4,2026-09-09T03:45:23.970842,2026-09-11T03:45:23.970842,nicolemason,5,Past white generation computer water.
"Specialization: Engineer, biomedical",4.4,Erik Randolph,Disintermediate interactive models,Course: Innovative executive artificial intelligence,2026-09-30T19:38:26.082040,3,2026-08-22T19:38:26.082040,2026-08-24T19:38:26.082040,brewermelinda,5,None result have officer leave hear address fish act.
"Specialization: Therapist, occupational",4.9,Paula Harvey,Synergize e-business networks,Course: Profit-focused cohesive paradigm,2026-11-26T14:15:27.366700,4,2026-10-25T14:15:27.366700,2026-10-27T14:15:27.366700,jchapman,3,Growth compare who visit deal ability like score together large.
"Specialization: Administrator, sports",4.8,John Conner,Incentivize granular infrastructures,Course: Diverse systematic firmware,2026-09-28T23:22:42.748891,2,2026-08-13T23:22:42.748891,2026-08-15T23:22:42.748891,wwallace,5,Improve happen message various meeting dog.
Specialization: Archivist,4.0,Susan Barry,Strategize frictionless supply-chains,Course: Future-proofed bandwidth-monitored time-frame,2026-08-01T12:09:08.524876,4,2026-06-30T12:09:08.524876,2026-07-02T12:09:08.524876,ywashington,5,President threat ever create top institution.
"Specialization: Administrator, sports",4.8,Raymond Kelley,Grow 24/365 e-markets,Course: Upgradable web-enabled capacity,2027-01-14T07:23:04.306601,1,2026-11-22T07:23:04.306601,2026-11-24T07:23:04.306601,lortiz,5,Interest race adult of voice former baby under.
"Specialization: Administrator, charities/voluntary organisations",4.5,Jack Ward,Integrate interactive e-commerce,Course: Configurable upward-trending encryption,2026-10-23T02:24:38.426319,4,2026-09-21T02:24:38.426319,2026-09-23T02:24:38.426319,kevinmartinez,5,Can new speech long western.
Specialization: Radio producer,4.0,Erin Rogers,Envisioneer scalable roi,Course: Extended upward-trending adapter,2026-10-22T02:21:50.998900,3,2026-09-13T02:21:50.998900,2026-09-15T02:21:50.998900,reidmichael,4,Hour matter along hair market natural consumer discussion see.
Specialization: Dietitian,4.3,Jonathan Petersen,Generate magnetic models,Course: Down-sized fault-tolerant moderator,2027-02-17T00:30:49.249726,4,2027-01-16T00:30:49.249726,2027-01-18T00:30:49.249726,boydwalter,4,Doctor painting Congress manager.
Specialization: Publishing copy,4.2,William Duran,Strategize out-of-the-box action-items,Course: Up-sized 6thgeneration paradigm,2026-07-02T05:46:55.077945,3,2026-05-24T05:46:55.077945,2026-05-26T05:46:55.077945,brittany13,4,American rich man policy these than investment think minute.
"Specialization: Administrator, charities/voluntary organisations",4.5,Benjamin Aguilar,Envisioneer cross-media eyeballs,Course: Seamless fresh-thinking challenge,2026-09-05T12:56:25.413265,2,2026-07-21T12:56:25.413265,2026-07-23T12:56:25.413265,tammybeard,5,Energy positive Congress mean guy.
Specialization: Archivist,4.0,David Randall,Evolve dynamic bandwidth,Course: Programmable interactive framework,2026-10-19T10:53:24.808770,1,2026-08-27T10:53:24.808770,2026-08-29T10:53:24.808770,susan08,4,Let maintain model maybe high beyond scene operation.
"Specialization: Therapist, occupational",4.9,Paula Harvey,Synergize e-business networks,Course: Multi-layered client-driven contingency,2026-08-31T00:06:17.906547,3,2026-07-23T00:06:17.906547,2026-07-25T00:06:17.906547,mherrera,5,Fact along hold light require short second.
"Specialization: Teacher, music",4.0,Rachel Alvarez,Benchmark out-of-the-box schemas,Course: Proactive optimal neural-net,2027-05-02T03:15:17.302879,4,2027-03-31T03:15:17.302879,2027-04-02T03:15:17.302879,robinjones,4,Low trip clearly move just determine second.
"Specialization: Therapist, occupational",4.9,Jennifer Roberts,Harness robust technologies,Course: Streamlined disintermediate projection,2026-07-26T04:32:26.342112,3,2026-06-17T04:32:26.342112,2026-06-19T04:32:26.342112,marshallgerald,4,Have daughter character often nearly.
"Specialization: Engineer, biomedical",4.4,Erik Randolph,Disintermediate interactive models,Course: Re-engineered discrete solution,2026-11-30T09:19:19.112211,3,2026-10-22T09:19:19.112211,2026-10-24T09:19:19.112211,trevinojoann,3,Somebody hard usually defense large protect.
"Specialization: Therapist, occupational",4.9,Shaun Ward,Streamline dynamic platforms,Course: Multi-layered client-driven contingency,2026-08-31T00:06:17.906547,3,2026-07-23T00:06:17.906547,2026-07-25T00:06:17.906547,mooredaniel,5,Simple hotel place cold share what.
"Specialization: Administrator, sports",4.8,Jo James MD,Evolve next-generation synergies,Course: Upgradable web-enabled capacity,2027-01-14T07:23:04.306601,1,2026-11-22T07:23:04.306601,2026-11-24T07:23:04.306601,denise18,5,Put reflect who special order rate defense treatment politics year wrong.
Specialization: Operational researcher,4.0,Brent Smith,Mesh distributed users,Course: Multi-layered upward-trending solution,2026-10-11T03:45:23.970842,4,2026-09-09T03:45:23.970842,2026-09-11T03:45:23.970842,hgraham,5,Organization long suggest on eat human open herself reduce name.
"Specialization: Engineer, biomedical",4.4,Erik Randolph,Disintermediate interactive models,Course: Innovative executive artificial intelligence,2026-09-30T19:38:26.082040,1,2026-08-08T19:38:26.082040,2026-08-10T19:38:26.082040,thomas24,5,Population should each positive walk president remain far.
